/*
SQLyog Enterprise v12.09 (64 bit)
MySQL - 10.4.13-MariaDB : Database - kiss_silver
*********************************************************************
*/


/*!40101 SET NAMES utf8 */;

/*!40101 SET SQL_MODE=''*/;

/*!40014 SET @OLD_UNIQUE_CHECKS=@@UNIQUE_CHECKS, UNIQUE_CHECKS=0 */;
/*!40014 SET @OLD_FOREIGN_KEY_CHECKS=@@FOREIGN_KEY_CHECKS, FOREIGN_KEY_CHECKS=0 */;
/*!40101 SET @OLD_SQL_MODE=@@SQL_MODE, SQL_MODE='NO_AUTO_VALUE_ON_ZERO' */;
/*!40111 SET @OLD_SQL_NOTES=@@SQL_NOTES, SQL_NOTES=0 */;
/*Table structure for table `banners` */

DROP TABLE IF EXISTS `banners`;

CREATE TABLE `banners` (
  `bannerid` int(11) NOT NULL AUTO_INCREMENT,
  `title` varchar(255) NOT NULL DEFAULT '',
  `content` varchar(2000) DEFAULT NULL,
  `imagefile` varchar(100) DEFAULT NULL,
  `min_imagefile` varchar(100) DEFAULT NULL,
  `page` varchar(10) DEFAULT NULL,
  `location` varchar(10) NOT NULL,
  `url` varchar(500) DEFAULT NULL,
  `state` tinyint(4) NOT NULL DEFAULT 1,
  `sortorder` int(10) unsigned NOT NULL DEFAULT 0,
  `update_at` int(10) DEFAULT 0,
  `create_at` int(10) DEFAULT 0,
  PRIMARY KEY (`bannerid`)
) ENGINE=MyISAM AUTO_INCREMENT=5 DEFAULT CHARSET=utf8;

/*Data for the table `banners` */

insert  into `banners`(`bannerid`,`title`,`content`,`imagefile`,`min_imagefile`,`page`,`location`,`url`,`state`,`sortorder`,`update_at`,`create_at`) values (2,' 明星們佩戴Kiss-Silver亮相奧斯卡紅地毯','在 2020 年奧斯卡頒獎禮上，蓋爾·加朵 (Gal Gadot) 和查理茲·塞隆 (Charlize Theron) 佩戴Kiss-Silver高級珠寶系列鑽石項鏈閃耀登場。','images/20200907/57145280976ac38ade1417bdbfa41816.jpg','images/20200907/d8a9f278bc9caf4fb54714a9bbdc74ac.jpg','home','middle_one','http://wwww.coms.com',1,1,1599491903,1599230528),(3,'1','1','images/20200907/7f608b9cf82ecd81d0dc93601f62afbf.jpg','images/20200907/04ea79cdfc96b00d99103d512549b764.jpg','home','header','#',1,0,1599491456,1599482183),(4,'明星們佩戴Kiss-Silver亮相奧斯卡紅地毯','在 2020 年奧斯卡頒獎禮上，蓋爾·加朵 (Gal Gadot) 和查理茲·塞隆 (Charlize Theron) 佩戴Kiss-Silver高級珠寶系列鑽石項鏈閃耀登場。','images/20200907/1a3537647c85ebda41e94e0b49573afa.jpg','images/20200907/a9fa4cef861d40077960b4b39ab3575f.jpg','home','middle_two','#',1,0,1599491924,1599482239);

/*Table structure for table `categories` */

DROP TABLE IF EXISTS `categories`;

CREATE TABLE `categories` (
  `catid` int(10) unsigned NOT NULL AUTO_INCREMENT,
  `parentid` int(10) unsigned NOT NULL COMMENT '上級分類',
  `catname` varchar(100) NOT NULL COMMENT '分類名稱',
  `cat_banner` varchar(100) DEFAULT NULL COMMENT '分類圖片',
  `sortorder` int(10) unsigned NOT NULL DEFAULT 0 COMMENT '排序',
  `icon` varchar(100) DEFAULT NULL,
  `state` tinyint(1) unsigned NOT NULL DEFAULT 1 COMMENT '狀態',
  `seo_title` varchar(255) DEFAULT NULL COMMENT 'SEO標題',
  `seo_keywords` varchar(255) DEFAULT NULL COMMENT 'SEO關鍵詞',
  `seo_desc` varchar(255) DEFAULT NULL COMMENT 'SEO描述',
  `update_at` int(10) unsigned NOT NULL DEFAULT 0 COMMENT '更新日期',
  `create_at` int(10) unsigned NOT NULL DEFAULT 0 COMMENT '創建日期',
  PRIMARY KEY (`catid`)
) ENGINE=InnoDB AUTO_INCREMENT=14 DEFAULT CHARSET=utf8mb4 COMMENT='產品分類';

/*Data for the table `categories` */

insert  into `categories`(`catid`,`parentid`,`catname`,`cat_banner`,`sortorder`,`icon`,`state`,`seo_title`,`seo_keywords`,`seo_desc`,`update_at`,`create_at`) values (1,0,'腕錶','images/20200904/801e0d5cd9880aaf12a61d6e9d9361dc.png',0,'#icon-huabanfuben',1,'1','2','3',1599568665,0),(2,1,'黃金款1','images/20200904/f565d58a080ff17d7be33133358570a7.png',1,NULL,1,'20','30','40',1599227899,0),(6,0,'珠 寶',NULL,0,'#icon-shoushi2',1,'','','',1599568704,0),(7,6,'情侶',NULL,0,NULL,1,'','','',1598887345,0),(8,6,'男士',NULL,0,NULL,1,'','','',1598887354,0),(9,0,'金銀首飾',NULL,3,'#icon-peishi',1,'','','',1599568738,0),(10,0,'尊貴鉑金',NULL,4,'#icon-shoushi',1,'','','',1599568770,0),(11,0,'永恆鑽石',NULL,5,'#icon--baoshi',1,'','','',1599568800,0),(12,0,'高端訂製',NULL,6,'#icon-bracelet',1,'','','',1599568827,0),(13,0,'其它',NULL,7,'#icon-shoushi1',1,'','','',1599568856,0);

/*Table structure for table `collections` */

DROP TABLE IF EXISTS `collections`;

CREATE TABLE `collections` (
  `id` int(10) unsigned NOT NULL AUTO_INCREMENT,
  `title` varchar(255) NOT NULL COMMENT '專區標題',
  `subtitle` varchar(255) NOT NULL COMMENT '專區副標題',
  `show_type` enum('new','custom') NOT NULL COMMENT '產品展示類型',
  `product_ids` text DEFAULT NULL COMMENT '自定義顯示的產品',
  `sortorder` int(10) unsigned NOT NULL DEFAULT 0 COMMENT '排序',
  `state` tinyint(1) unsigned NOT NULL DEFAULT 1 COMMENT '專區啟用狀態',
  `create_at` int(10) unsigned NOT NULL DEFAULT 0 COMMENT '創建日期',
  PRIMARY KEY (`id`)
) ENGINE=InnoDB DEFAULT CHARSET=utf8mb4 COMMENT='產品專區';

/*Data for the table `collections` */

/*Table structure for table `countries` */

DROP TABLE IF EXISTS `countries`;

CREATE TABLE `countries` (
  `id` int(10) unsigned NOT NULL AUTO_INCREMENT,
  `pid` int(10) unsigned DEFAULT 0,
  `name` varchar(100) DEFAULT '',
  `sortorder` int(10) unsigned DEFAULT 0,
  `state` tinyint(1) DEFAULT 1,
  PRIMARY KEY (`id`),
  KEY `pid` (`pid`)
) ENGINE=InnoDB AUTO_INCREMENT=950 DEFAULT CHARSET=utf8;

/*Data for the table `countries` */

insert  into `countries`(`id`,`pid`,`name`,`sortorder`,`state`) values (1,0,'臺灣',1,1),(2,1,'臺北市',1,1),(3,1,'新北市',2,1),(4,1,'宜蘭縣',17,1),(5,1,'基隆市',6,1),(6,1,'桃園市',3,1),(7,1,'新竹縣',4,1),(8,1,'苗栗縣',7,1),(9,1,'臺中市',8,1),(10,1,'彰化縣',9,1),(11,1,'南投縣',10,1),(12,1,'雲林縣',11,1),(13,1,'嘉義縣',12,1),(14,1,'臺南市',14,1),(15,1,'高雄市',15,1),(16,1,'屏東縣',16,1),(17,1,'臺東縣',19,1),(18,1,'花蓮縣',18,1),(19,1,'澎湖縣',20,1),(20,1,'金門縣',21,1),(21,1,'連江縣',22,1),(22,2,'中正區',1,1),(23,2,'大同區',2,1),(24,2,'中山區',3,1),(25,2,'松山區',4,1),(26,2,'大安區',5,1),(27,2,'萬華區',6,1),(28,2,'信義區',7,1),(29,2,'士林區',8,1),(30,2,'北投區',9,1),(31,2,'內湖區',10,1),(32,2,'南港區',11,1),(33,2,'文山區',12,1),(34,3,'金山區',1,1),(35,3,'板橋區',2,1),(36,3,'汐止區',3,1),(37,3,'深坑區',4,1),(38,3,'石碇區',5,1),(39,3,'瑞芳區',6,1),(40,3,'平溪區',7,1),(41,3,'雙溪區',8,1),(42,3,'貢寮區',9,1),(43,3,'新店區',10,1),(44,3,'坪林區',11,1),(45,3,'烏來區',12,1),(46,3,'永和區',13,1),(47,3,'中和區',14,1),(48,3,'土城區',15,1),(49,3,'三峽區',16,1),(50,3,'樹林區',17,1),(51,3,'鶯歌區',18,1),(52,3,'三重區',19,1),(53,3,'新莊區',20,1),(54,3,'泰山區',21,1),(55,3,'林口區',22,1),(56,3,'蘆洲區',23,1),(57,3,'五股區',24,1),(58,3,'八裏區',25,1),(59,3,'淡水區',26,1),(60,3,'三芝區',27,1),(61,3,'石門區',28,1),(63,4,'宜蘭市',2,1),(64,4,'頭城鎮',3,1),(65,4,'礁溪鄉',4,1),(66,4,'壯圍鄉',5,1),(67,4,'員山鄉',6,1),(68,4,'羅東鎮',7,1),(69,4,'三星鄉',8,1),(70,4,'大同鄉',9,1),(71,4,'五結鄉',10,1),(72,4,'冬山鄉',11,1),(73,4,'蘇澳鎮',12,1),(74,4,'南澳鄉',13,1),(75,5,'仁愛區',1,1),(76,5,'信義區',2,1),(77,5,'中正區',3,1),(78,5,'中山區',4,1),(79,5,'安樂區',5,1),(80,5,'暖暖區',6,1),(81,5,'七堵區',7,1),(82,6,'中壢區',1,1),(83,6,'平鎮區',2,1),(84,6,'龍潭區',3,1),(85,6,'楊梅區',4,1),(86,6,'新屋區',5,1),(87,6,'觀音區',6,1),(88,6,'桃園區',7,1),(89,6,'龜山區',8,1),(90,6,'八德區',9,1),(91,6,'大溪區',10,1),(92,6,'復興區',11,1),(93,6,'大園區',12,1),(94,6,'蘆竹區',13,1),(96,7,'竹北市',2,1),(97,7,'湖口鄉',3,1),(98,7,'新豐鄉',4,1),(99,7,'新埔鎮',5,1),(100,7,'關西鎮',6,1),(101,7,'芎林鄉',7,1),(102,7,'寶山鄉',8,1),(103,7,'竹東鎮',9,1),(104,7,'五峰鄉',10,1),(105,7,'橫山鄉',11,1),(106,7,'尖石鄉',12,1),(107,7,'北埔鄉',13,1),(108,7,'峨眉鄉',14,1),(109,8,'竹南鎮',1,1),(110,8,'頭份市',2,1),(111,8,'三灣鄉',3,1),(112,8,'南莊鄉',4,1),(113,8,'獅潭鄉',5,1),(114,8,'後龍鎮',6,1),(115,8,'通霄鎮',7,1),(116,8,'苑裡鎮',8,1),(117,8,'苗栗市',9,1),(118,8,'造橋鄉',10,1),(119,8,'頭屋鄉',11,1),(120,8,'公館鄉',12,1),(121,8,'大湖鄉',13,1),(122,8,'泰安鄉',14,1),(123,8,'銅鑼鄉',15,1),(124,8,'三義鄉',16,1),(125,8,'西湖鄉',17,1),(126,8,'卓蘭鎮',18,1),(127,9,'中區',1,1),(128,9,'東區',2,1),(129,9,'南區',3,1),(130,9,'西區',4,1),(131,9,'北區',5,1),(132,9,'北屯區',6,1),(133,9,'西屯區',7,1),(134,9,'南屯區',8,1),(135,9,'太平區',9,1),(136,9,'大裏區',10,1),(137,9,'霧峰區',11,1),(138,9,'烏日區',12,1),(139,9,'豐原區',13,1),(140,9,'後裏區',14,1),(141,9,'石岡區',15,1),(142,9,'東勢區',16,1),(143,9,'和平區',17,1),(144,9,'新社區',18,1),(145,9,'潭子區',19,1),(146,9,'大雅區',20,1),(147,9,'神岡區',21,1),(148,9,'大肚區',22,1),(149,9,'沙鹿區',23,1),(150,9,'龍井區',24,1),(151,9,'梧棲區',25,1),(152,9,'清水區',26,1),(153,9,'大甲區',27,1),(154,9,'外埔區',28,1),(155,9,'大安區',29,1),(156,10,'彰化市',1,1),(157,10,'芬園鄉',2,1),(158,10,'花壇鄉',3,1),(159,10,'秀水鄉',4,1),(160,10,'鹿港鎮',5,1),(161,10,'福興鄉',6,1),(162,10,'線西鄉',7,1),(163,10,'和美鎮',8,1),(164,10,'伸港鄉',9,1),(165,10,'員林市',10,1),(166,10,'社頭鄉',11,1),(167,10,'永靖鄉',12,1),(168,10,'埔心鄉',13,1),(169,10,'溪湖鎮',14,1),(170,10,'大村鄉',15,1),(171,10,'埔鹽鄉',16,1),(172,10,'田中鎮',17,1),(173,10,'北鬥鎮',18,1),(174,10,'田尾鄉',19,1),(175,10,'埤頭鄉',20,1),(176,10,'溪州鄉',21,1),(177,10,'竹塘鄉',22,1),(178,10,'二林鎮',23,1),(179,10,'大城鄉',24,1),(180,10,'芳苑鄉',25,1),(181,10,'二水鄉',26,1),(182,11,'南投市',1,1),(183,11,'中寮鄉',2,1),(184,11,'草屯鎮',3,1),(185,11,'國姓鄉',4,1),(186,11,'埔裏鎮',5,1),(187,11,'仁愛鄉',6,1),(188,11,'名間鄉',7,1),(189,11,'集集鎮',8,1),(190,11,'水裏鄉',9,1),(191,11,'魚池鄉',10,1),(192,11,'信義鄉',11,1),(193,11,'竹山鎮',12,1),(194,11,'鹿谷鄉',13,1),(195,12,'鬥南鎮',1,1),(196,12,'大埤鄉',2,1),(197,12,'虎尾鎮',3,1),(198,12,'土庫鎮',4,1),(199,12,'褒忠鄉',5,1),(200,12,'東勢鄉',6,1),(201,12,'臺西鄉',7,1),(202,12,'崙背鄉',8,1),(203,12,'麥寮鄉',9,1),(204,12,'鬥六市',10,1),(205,12,'林內鄉',11,1),(206,12,'古坑鄉',12,1),(207,12,'莿桐鄉',13,1),(208,12,'西螺鎮',14,1),(209,12,'二崙鄉',15,1),(210,12,'北港鎮',16,1),(211,12,'水林鄉',17,1),(212,12,'口湖鄉',18,1),(213,12,'四湖鄉',19,1),(214,12,'元長鄉',20,1),(215,13,'嘉義市',1,0),(216,13,'番路鄉',2,1),(217,13,'梅山鄉',3,1),(218,13,'竹崎鄉',4,1),(219,13,'阿裏山鄉',5,1),(220,13,'中埔鄉',6,1),(221,13,'大埔鄉',7,1),(222,13,'水上鄉',8,1),(223,13,'鹿草鄉',9,1),(224,13,'太保市',10,1),(225,13,'樸子市',11,1),(226,13,'東石鄉',12,1),(227,13,'六腳鄉',13,1),(228,13,'新港鄉',14,1),(229,13,'民雄鄉',15,1),(230,13,'大林鎮',16,1),(231,13,'溪口鄉',17,1),(232,13,'義竹鄉',18,1),(233,13,'布袋鎮',19,1),(234,14,'中西區',1,1),(235,14,'東區',2,1),(236,14,'南區',3,1),(237,14,'北區',4,1),(238,14,'安平區',5,1),(239,14,'安南區',6,1),(240,14,'永康區',7,1),(241,14,'歸仁區',8,1),(242,14,'新化區',9,1),(243,14,'左鎮區',10,1),(244,14,'玉井區',11,1),(245,14,'楠西區',12,1),(246,14,'南化區',13,1),(247,14,'仁德區',14,1),(248,14,'關廟區',15,1),(249,14,'龍崎區',16,1),(250,14,'官田區',17,1),(251,14,'麻豆區',18,1),(252,14,'佳裏區',19,1),(253,14,'西港區',20,1),(254,14,'七股區',21,1),(255,14,'將軍區',22,1),(256,14,'學甲區',23,1),(257,14,'北門區',24,1),(258,14,'新營區',25,1),(259,14,'後壁區',26,1),(260,14,'白河區',27,1),(261,14,'東山區',28,1),(262,14,'六甲區',29,1),(263,14,'下營區',30,1),(264,14,'柳營區',31,1),(265,14,'鹽水區',32,1),(266,14,'善化區',33,1),(267,14,'大內區',34,1),(268,14,'山上區',35,1),(269,14,'新市區',36,1),(270,14,'安定區',37,1),(271,15,'新興區',1,1),(272,15,'前金區',2,1),(273,15,'苓雅區',3,1),(274,15,'鹽埕區',4,1),(275,15,'鼓山區',5,1),(276,15,'旗津區',6,1),(277,15,'前鎮區',7,1),(278,15,'三民區',8,1),(279,15,'楠梓區',9,1),(280,15,'小港區',10,1),(281,15,'左營區',11,1),(282,15,'仁武區',12,1),(283,15,'大社區',13,1),(284,15,'岡山區',14,1),(285,15,'路竹區',15,1),(286,15,'阿蓮區',16,1),(287,15,'田寮區',17,1),(288,15,'燕巢區',18,1),(289,15,'橋頭區',19,1),(290,15,'梓官區',20,1),(291,15,'彌陀區',21,1),(292,15,'永安區',22,1),(293,15,'湖內區',23,1),(294,15,'鳳山區',24,1),(295,15,'大寮區',25,1),(296,15,'林園區',26,1),(297,15,'鳥松區',27,1),(298,15,'大樹區',28,1),(299,15,'旗山區',29,1),(300,15,'美濃區',30,1),(301,15,'六龜區',31,1),(302,15,'內門區',32,1),(303,15,'杉林區',33,1),(304,15,'甲仙區',34,1),(305,15,'桃源區',35,1),(306,15,'那瑪夏區',36,1),(307,15,'茂林區',37,1),(308,15,'茄萣區',38,1),(309,16,'屏東市',1,1),(310,16,'三地門鄉',2,1),(311,16,'霧臺鄉',3,1),(312,16,'瑪家鄉',4,1),(313,16,'九如鄉',5,1),(314,16,'裏港鄉',6,1),(315,16,'高樹鄉',7,1),(316,16,'鹽埔鄉',8,1),(317,16,'長治鄉',9,1),(318,16,'麟洛鄉',10,1),(319,16,'竹田鄉',11,1),(320,16,'內埔鄉',12,1),(321,16,'萬丹鄉',13,1),(322,16,'潮州鎮',14,1),(323,16,'泰武鄉',15,1),(324,16,'來義鄉',16,1),(325,16,'萬巒鄉',17,1),(326,16,'崁頂鄉',18,1),(327,16,'新埤鄉',19,1),(328,16,'南州鄉',20,1),(329,16,'林邊鄉',21,1),(330,16,'東港鎮',22,1),(331,16,'琉球鄉',23,1),(332,16,'佳冬鄉',24,1),(333,16,'新園鄉',25,1),(334,16,'枋寮鄉',26,1),(335,16,'枋山鄉',27,1),(336,16,'春日鄉',28,1),(337,16,'獅子鄉',29,1),(338,16,'車城鄉',30,1),(339,16,'牡丹鄉',31,1),(340,16,'恆春鎮',32,1),(341,16,'滿州鄉',33,1),(342,17,'臺東市',1,1),(343,17,'綠島鄉',2,1),(344,17,'蘭嶼鄉',3,1),(345,17,'延平鄉',4,1),(346,17,'卑南鄉',5,1),(347,17,'鹿野鄉',6,1),(348,17,'關山鎮',7,1),(349,17,'海端鄉',8,1),(350,17,'池上鄉',9,1),(351,17,'東河鄉',10,1),(352,17,'成功鎮',11,1),(353,17,'長濱鄉',12,1),(354,17,'太麻裏鄉',13,1),(355,17,'金峰鄉',14,1),(356,17,'大武鄉',15,1),(357,17,'達仁鄉',16,1),(358,18,'花蓮市',1,1),(359,18,'新城鄉',2,1),(360,18,'秀林鄉',3,1),(361,18,'吉安鄉',4,1),(362,18,'壽豐鄉',5,1),(363,18,'鳳林鎮',6,1),(364,18,'光復鄉',7,1),(365,18,'豐濱鄉',8,1),(366,18,'瑞穗鄉',9,1),(367,18,'萬榮鄉',10,1),(368,18,'玉裏鎮',11,1),(369,18,'卓溪鄉',12,1),(370,18,'富裏鄉',13,1),(371,19,'馬公市',1,1),(372,19,'西嶼鄉',2,1),(373,19,'望安鄉',3,1),(374,19,'七美鄉',4,1),(375,19,'白沙鄉',5,1),(376,19,'湖西鄉',6,1),(377,20,'金沙鎮',1,1),(378,20,'金湖鎮',2,1),(379,20,'金寧鄉',3,1),(380,20,'金城鎮',4,1),(381,20,'烈嶼鄉',5,1),(382,20,'烏坵鄉',6,1),(383,21,'南竿鄉',1,1),(384,21,'北竿鄉',2,1),(385,21,'莒光鄉',3,1),(386,21,'東引鄉',4,1),(387,0,'中國大陸',2,0),(390,387,'北京',1,1),(391,390,'東城區',1,1),(392,390,'西城區',1,1),(393,390,'崇文區',1,1),(394,390,'宣武區',1,1),(395,390,'朝陽區',1,1),(396,390,'豐臺區',1,1),(397,390,'石景山區',1,1),(398,390,'海澱區',1,1),(399,390,'門頭溝區',1,1),(400,390,'房山區',1,1),(401,390,'通州區',1,1),(402,390,'順義區',1,1),(403,390,'昌平區',1,1),(404,390,'大興區',1,1),(405,390,'平谷區',1,1),(406,390,'懷柔區',1,1),(407,390,'密雲縣',1,1),(408,390,'延慶縣',1,1),(409,387,'天津',2,1),(410,409,'和平區',1,1),(411,409,'河東區',1,1),(412,409,'河西區',1,1),(413,409,'南開區',1,1),(414,409,'河北區',1,1),(415,409,'紅橋區',1,1),(416,409,'塘沽區',1,1),(417,409,'漢沽區',1,1),(418,409,'大港區',1,1),(419,409,'東麗區',1,1),(420,409,'西青區',1,1),(421,409,'津南區',1,1),(422,409,'北辰區',1,1),(423,409,'武清區',1,1),(424,409,'寶坻區',1,1),(425,409,'寧河縣',1,1),(426,409,'靜海縣',1,1),(427,409,'薊  縣',1,1),(428,387,'河北',3,1),(429,428,'石家莊',1,1),(430,428,'唐山',2,1),(431,428,'秦皇島',3,1),(432,428,'邯鄲',4,1),(433,428,'邢臺',5,1),(434,428,'保定',6,1),(435,428,'張家口',7,1),(436,428,'承德',8,1),(437,428,'滄州',9,1),(438,428,'廊坊',10,1),(439,428,'衡水',11,1),(440,387,'山西',4,1),(441,440,'太原',1,1),(442,440,'大同',2,1),(443,440,'陽泉',3,1),(444,440,'長治',4,1),(445,440,'晉城',5,1),(446,440,'朔州',6,1),(447,440,'忻州',7,1),(448,440,'呂梁',8,1),(449,440,'晉中',9,1),(450,440,'臨汾',10,1),(451,440,'運城',11,1),(452,387,'內蒙古',5,1),(453,452,'呼和浩特',1,1),(454,452,'包頭',2,1),(455,452,'烏海',3,1),(456,452,'赤峰',4,1),(457,452,'呼倫貝爾',5,1),(458,452,'興安盟',6,1),(459,452,'通遼',7,1),(460,452,'錫林郭勒盟',8,1),(461,452,'烏蘭察布盟',9,1),(462,452,'伊克昭盟',10,1),(463,452,'巴彥淖爾盟',11,1),(464,452,'阿拉善盟',12,1),(465,387,'遼寧',6,1),(466,465,'沈陽',1,1),(467,465,'大連',2,1),(468,465,'鞍山',3,1),(469,465,'撫順',4,1),(470,465,'本溪',5,1),(471,465,'丹東',6,1),(472,465,'錦州',7,1),(473,465,'營口',8,1),(474,465,'阜新',9,1),(475,465,'遼陽',10,1),(476,465,'盤錦',11,1),(477,465,'鐵嶺',12,1),(478,465,'朝陽',13,1),(479,465,'葫蘆島',14,1),(480,465,'其他',15,1),(481,387,'吉林',7,1),(482,481,'長春',1,1),(483,481,'吉林',2,1),(484,481,'四平',3,1),(485,481,'遼源',4,1),(486,481,'通化',5,1),(487,481,'白山',6,1),(488,481,'松原',7,1),(489,481,'白城',8,1),(490,481,'延邊朝鮮族自治州',9,1),(491,481,'其他',10,1),(492,387,'黑龍江',8,1),(493,492,'哈爾濱',1,1),(494,492,'齊齊哈爾',2,1),(495,492,'鶴崗',3,1),(496,492,'雙鴨山',4,1),(497,492,'雞西',5,1),(498,492,'大慶',6,1),(499,492,'伊春',7,1),(500,492,'牡丹江',8,1),(501,492,'佳木斯',9,1),(502,492,'七臺河',10,1),(503,492,'黑河',11,1),(504,492,'綏化',12,1),(505,492,'大興安嶺地區',13,1),(506,492,'其他',14,1),(507,387,'上海',9,1),(508,507,'黃浦區',1,1),(509,507,'盧灣區',1,1),(510,507,'徐匯區',1,1),(511,507,'長寧區',1,1),(512,507,'靜安區',1,1),(513,507,'普陀區',1,1),(514,507,'閘北區',1,1),(515,507,'虹口區',1,1),(516,507,'楊浦區',1,1),(517,507,'寶山區',1,1),(518,507,'閔行區',1,1),(519,507,'嘉定區',1,1),(520,507,'松江區',1,1),(521,507,'金山區',1,1),(522,507,'青浦區',1,1),(523,507,'南匯區',1,1),(524,507,'奉賢區',1,1),(525,507,'浦東新區',1,1),(526,507,'崇明縣',1,1),(527,507,'其他',1,1),(528,387,'江蘇',10,1),(529,528,'南京',1,1),(530,528,'蘇州',2,1),(531,528,'無錫',3,1),(532,528,'常州',4,1),(533,528,'鎮江',5,1),(534,528,'南通',6,1),(535,528,'泰州',7,1),(536,528,'揚州',8,1),(537,528,'鹽城',9,1),(538,528,'連雲港',10,1),(539,528,'徐州',11,1),(540,528,'淮安',12,1),(541,528,'宿遷',13,1),(542,528,'其他',14,1),(543,387,'浙江',11,1),(544,543,'杭州',1,1),(545,543,'寧波',2,1),(546,543,'溫州',3,1),(547,543,'嘉興',4,1),(548,543,'湖州',5,1),(549,543,'紹興',6,1),(550,543,'金華',7,1),(551,543,'衢州',8,1),(552,543,'舟山',9,1),(553,543,'臺州',10,1),(554,543,'麗水',11,1),(555,543,'其他',12,1),(556,387,'安徽',12,1),(557,556,'合肥',1,1),(558,556,'蕪湖',2,1),(559,556,'蚌埠',3,1),(560,556,'淮南',4,1),(561,556,'馬鞍山',5,1),(562,556,'淮北',6,1),(563,556,'銅陵',7,1),(564,556,'安慶',8,1),(565,556,'黃山',9,1),(566,556,'滁州',10,1),(567,556,'阜陽',11,1),(568,556,'宿州',12,1),(569,556,'巢湖',13,1),(570,556,'六安',14,1),(571,556,'亳州',15,1),(572,556,'池州',16,1),(573,556,'宣城',17,1),(574,556,'其他',18,1),(575,387,'福建',13,1),(576,575,'福州',1,1),(577,575,'廈門',2,1),(578,575,'莆田',3,1),(579,575,'三明',4,1),(580,575,'泉州',5,1),(581,575,'漳州',6,1),(582,575,'南平',7,1),(583,575,'龍巖',8,1),(584,575,'寧德',9,1),(585,575,'其他',10,1),(586,387,'江西',14,1),(587,586,'南昌',1,1),(588,586,'景德鎮',2,1),(589,586,'萍鄉',3,1),(590,586,'九江',4,1),(591,586,'新余',5,1),(592,586,'鷹潭',6,1),(593,586,'贛州',7,1),(594,586,'吉安',8,1),(595,586,'宜春',9,1),(596,586,'撫州',10,1),(597,586,'上饒',11,1),(598,586,'其他',12,1),(599,387,'山東',15,1),(600,599,'濟南',1,1),(601,599,'青島',2,1),(602,599,'淄博',3,1),(603,599,'棗莊',4,1),(604,599,'東營',5,1),(605,599,'煙臺',6,1),(606,599,'濰坊',7,1),(607,599,'濟寧',8,1),(608,599,'泰安',9,1),(609,599,'威海',10,1),(610,599,'日照',11,1),(611,599,'萊蕪',12,1),(612,599,'臨沂',13,1),(613,599,'德州',14,1),(614,599,'聊城',15,1),(615,599,'濱州',16,1),(616,599,'菏澤',17,1),(617,599,'其他',18,1),(618,387,'河南',16,1),(619,618,'鄭州',1,1),(620,618,'開封',2,1),(621,618,'洛陽',3,1),(622,618,'平頂山',4,1),(623,618,'安陽',5,1),(624,618,'鶴壁',6,1),(625,618,'新鄉',7,1),(626,618,'焦作',8,1),(627,618,'濮陽',9,1),(628,618,'許昌',10,1),(629,618,'漯河',11,1),(630,618,'三門峽',12,1),(631,618,'南陽',13,1),(632,618,'商丘',14,1),(633,618,'信陽',15,1),(634,618,'周口',16,1),(635,618,'駐馬店',17,1),(636,618,'焦作',18,1),(637,618,'其他',19,1),(638,387,'湖北',17,1),(639,638,'武漢',1,1),(640,638,'黃石',2,1),(641,638,'十堰',3,1),(642,638,'荊州',4,1),(643,638,'宜昌',5,1),(644,638,'襄樊',6,1),(645,638,'鄂州',7,1),(646,638,'荊門',8,1),(647,638,'孝感',9,1),(648,638,'黃岡',10,1),(649,638,'鹹寧',11,1),(650,638,'隨州',12,1),(651,638,'恩施土家族苗族自治州',13,1),(652,638,'仙桃',14,1),(653,638,'天門',15,1),(654,638,'潛江',16,1),(655,638,'神農架林區',17,1),(656,638,'其他',18,1),(657,387,'湖南',18,1),(658,657,'長沙',1,1),(659,657,'株洲',2,1),(660,657,'湘潭',3,1),(661,657,'衡陽',4,1),(662,657,'邵陽',5,1),(663,657,'嶽陽',6,1),(664,657,'常德',7,1),(665,657,'張家界',8,1),(666,657,'益陽',9,1),(667,657,'郴州',10,1),(668,657,'永州',11,1),(669,657,'懷化',12,1),(670,657,'婁底',13,1),(671,657,'湘西土家族苗族自治州',14,1),(672,657,'其他',15,1),(673,387,'廣東',19,1),(674,673,'廣州',1,1),(675,673,'深圳',2,1),(676,673,'東莞',3,1),(677,673,'中山',4,1),(678,673,'潮州',5,1),(679,673,'揭陽',6,1),(680,673,'雲浮',7,1),(681,673,'珠海',8,1),(682,673,'汕頭',9,1),(683,673,'韶關',10,1),(684,673,'佛山',11,1),(685,673,'江門',12,1),(686,673,'湛江',13,1),(687,673,'茂名',14,1),(688,673,'肇慶',15,1),(689,673,'惠州',16,1),(690,673,'梅州',17,1),(691,673,'汕尾',18,1),(692,673,'河源',19,1),(693,673,'陽江',20,1),(694,673,'清遠',21,1),(695,387,'廣西',20,1),(696,695,'南寧',1,1),(697,695,'柳州',2,1),(698,695,'桂林',3,1),(699,695,'梧州',4,1),(700,695,'北海',5,1),(701,695,'防城港',6,1),(702,695,'欽州',7,1),(703,695,'貴港',8,1),(704,695,'玉林',9,1),(705,695,'百色',10,1),(706,695,'賀州',11,1),(707,695,'河池',12,1),(708,695,'來賓',13,1),(709,695,'崇左',14,1),(710,695,'其他',15,1),(711,387,'海南',21,1),(712,711,'海口',1,1),(713,711,'三亞',2,1),(714,711,'五指山',3,1),(715,711,'瓊海',4,1),(716,711,'儋州',5,1),(717,711,'文昌',6,1),(718,711,'萬寧',7,1),(719,711,'東方',8,1),(720,711,'澄邁縣',9,1),(721,711,'定安縣',10,1),(722,711,'屯昌縣',11,1),(723,711,'臨高縣',12,1),(724,711,'白沙黎族自治縣',13,1),(725,711,'昌江黎族自治縣',14,1),(726,711,'樂東黎族自治縣',15,1),(727,711,'陵水黎族自治縣',16,1),(728,711,'保亭黎族苗族自治縣',17,1),(729,711,'瓊中黎族苗族自治縣',18,1),(730,711,'其他',19,1),(731,387,'重慶',22,1),(732,731,'渝中區',1,1),(733,731,'大渡口區',1,1),(734,731,'江北區',1,1),(735,731,'南岸區',1,1),(736,731,'北碚區',1,1),(737,731,'渝北區',1,1),(738,731,'巴南區',1,1),(739,731,'長壽區',1,1),(740,731,'雙橋區',1,1),(741,731,'沙坪壩區',1,1),(742,731,'萬盛區',1,1),(743,731,'萬州區',1,1),(744,731,'涪陵區',1,1),(745,731,'黔江區',1,1),(746,731,'永川區',1,1),(747,731,'合川區',1,1),(748,731,'江津區',1,1),(749,731,'九龍坡區',1,1),(750,731,'南川區',1,1),(751,731,'綦江縣',1,1),(752,731,'潼南縣',1,1),(753,731,'榮昌縣',1,1),(754,731,'璧山縣',1,1),(755,731,'大足縣',1,1),(756,731,'銅梁縣',1,1),(757,731,'梁平縣',1,1),(758,731,'開縣',1,1),(759,731,'忠縣',1,1),(760,731,'城口縣',1,1),(761,731,'墊江縣',1,1),(762,731,'武隆縣',1,1),(763,731,'豐都縣',1,1),(764,731,'奉節縣',1,1),(765,731,'雲陽縣',1,1),(766,731,'巫溪縣',1,1),(767,731,'巫山縣',1,1),(768,731,'石柱土家族自治縣',1,1),(769,731,'秀山土家族苗族自治縣',1,1),(770,731,'酉陽土家族苗族自治縣',1,1),(771,731,'彭水苗族土家族自治縣',1,1),(772,731,'其他',1,1),(773,387,'四川',23,1),(774,773,'成都',1,1),(775,773,'自貢',2,1),(776,773,'攀枝花',3,1),(777,773,'瀘州',4,1),(778,773,'德陽',5,1),(779,773,'綿陽',6,1),(780,773,'廣元',7,1),(781,773,'遂寧',8,1),(782,773,'內江',9,1),(783,773,'樂山',10,1),(784,773,'南充',11,1),(785,773,'眉山',12,1),(786,773,'宜賓',13,1),(787,773,'廣安',14,1),(788,773,'達州',15,1),(789,773,'雅安',16,1),(790,773,'巴中',17,1),(791,773,'資陽',18,1),(792,773,'阿壩藏族羌族自治州',19,1),(793,773,'甘孜藏族自治州',20,1),(794,773,'涼山彜族自治州',21,1),(795,773,'其他',22,1),(796,387,'貴州',24,1),(797,796,'貴陽',1,1),(798,796,'六盤水',2,1),(799,796,'遵義',3,1),(800,796,'安順',4,1),(801,796,'銅仁地區',5,1),(802,796,'畢節地區',6,1),(803,796,'黔西南布依族苗族自治州',7,1),(804,796,'黔東南苗族侗族自治州',8,1),(805,796,'黔南布依族苗族自治州',9,1),(806,796,'其他',10,1),(807,387,'雲南',25,1),(808,807,'昆明',1,1),(809,807,'曲靖',2,1),(810,807,'玉溪',3,1),(811,807,'保山',4,1),(812,807,'昭通',5,1),(813,807,'麗江',6,1),(814,807,'普洱',7,1),(815,807,'臨滄',8,1),(816,807,'德宏傣族景頗族自治州',9,1),(817,807,'怒江傈僳族自治州',10,1),(818,807,'迪慶藏族自治州',11,1),(819,807,'大理白族自治州',12,1),(820,807,'楚雄彜族自治州',13,1),(821,807,'紅河哈尼族彜族自治州',14,1),(822,807,'文山壯族苗族自治州',15,1),(823,807,'西雙版納傣族自治州',16,1),(824,807,'其他',17,1),(825,387,'西藏',26,1),(826,825,'拉薩',1,1),(827,825,'那曲地區',2,1),(828,825,'昌都地區',3,1),(829,825,'林芝地區',4,1),(830,825,'山南地區',5,1),(831,825,'日喀則地區',6,1),(832,825,'阿裏地區',7,1),(833,825,'其他',8,1),(834,387,'陜西',27,1),(835,834,'西安',1,1),(836,834,'銅川',2,1),(837,834,'寶雞',3,1),(838,834,'鹹陽',4,1),(839,834,'渭南',5,1),(840,834,'延安',6,1),(841,834,'漢中',7,1),(842,834,'榆林',8,1),(843,834,'安康',9,1),(844,834,'商洛',10,1),(845,834,'其他',11,1),(846,387,'甘肅',28,1),(847,846,'蘭州',1,1),(848,846,'嘉峪關',2,1),(849,846,'金昌',3,1),(850,846,'白銀',4,1),(851,846,'天水',5,1),(852,846,'武威',6,1),(853,846,'酒泉',7,1),(854,846,'張掖',8,1),(855,846,'慶陽',9,1),(856,846,'平涼',10,1),(857,846,'定西',11,1),(858,846,'隴南',12,1),(859,846,'臨夏回族自治州',13,1),(860,846,'甘南藏族自治州',14,1),(861,846,'其他',15,1),(862,387,'青海',29,1),(863,862,'西寧',1,1),(864,862,'海東地區',2,1),(865,862,'海北藏族自治州',3,1),(866,862,'海南藏族自治州',4,1),(867,862,'黃南藏族自治州',5,1),(868,862,'果洛藏族自治州',6,1),(869,862,'玉樹藏族自治州',7,1),(870,862,'海西蒙古族藏族自治州',8,1),(871,862,'其他',9,1),(872,387,'寧夏',30,1),(873,872,'銀川',1,1),(874,872,'石嘴山',2,1),(875,872,'吳忠',3,1),(876,872,'固原',4,1),(877,872,'中衛',5,1),(878,872,'其他',6,1),(879,387,'新疆',31,1),(880,879,'烏魯木齊',1,1),(881,879,'克拉瑪依',2,1),(882,879,'吐魯番地區',3,1),(883,879,'哈密地區',4,1),(884,879,'和田地區',5,1),(885,879,'阿克蘇地區',6,1),(886,879,'喀什地區',7,1),(887,879,'克孜勒蘇柯爾克孜自治州',8,1),(888,879,'巴音郭楞蒙古自治州',9,1),(889,879,'昌吉回族自治州',10,1),(890,879,'博爾塔拉蒙古自治州',11,1),(891,879,'石河子',12,1),(892,879,'阿拉爾',13,1),(893,879,'圖木舒克',14,1),(894,879,'五家渠',15,1),(895,879,'伊犁哈薩克自治州',16,1),(896,879,'其他',17,1),(897,925,'中西區',1,1),(898,925,'灣仔區',2,1),(899,925,'東區',3,1),(900,925,'南區',4,1),(901,925,'深水埗區',5,1),(902,925,'油尖旺區',6,1),(903,925,'九龍城區',7,1),(904,925,'黃大仙區',8,1),(905,925,'觀塘區',9,1),(906,925,'北區',10,1),(907,925,'大埔區',11,1),(908,925,'沙田區',12,1),(909,925,'西貢區',13,1),(910,925,'元朗區',14,1),(911,925,'屯門區',15,1),(912,925,'荃灣區',16,1),(913,925,'葵青區',17,1),(914,925,'離島區',18,1),(915,925,'其他',100,1),(916,926,'花地瑪堂區',1,1),(917,926,'聖安多尼堂區',2,1),(918,926,'大堂區',3,1),(919,926,'望德堂區',4,1),(920,926,'風順堂區',5,1),(921,926,'嘉模堂區',6,1),(922,926,'聖方濟各堂區',7,1),(923,926,'路氹',8,1),(924,926,'其他',20,1),(925,387,'香港',32,1),(926,387,'澳門',33,1),(927,3,'萬裏區',29,1),(928,0,'日本',4,0),(929,0,'美國',3,0),(930,0,'越南',6,0),(931,0,'馬來西亞',8,0),(932,0,'印尼',9,0),(933,0,'菲律賓',10,0),(934,0,'香港',13,0),(935,0,'澳門',14,0),(936,0,'泰國',7,0),(937,0,'澳洲',11,0),(938,0,'紐西蘭',12,0),(939,0,'加拿大',5,0),(940,0,'緬甸',15,0),(941,1,'新竹市',5,1),(942,941,'東區',1,1),(943,941,'北區',2,1),(946,941,'香山區',3,1),(947,1,'嘉義市',13,1),(948,947,'東區',1,1),(949,947,'西區',2,1);

/*Table structure for table `coupons` */

DROP TABLE IF EXISTS `coupons`;

CREATE TABLE `coupons` (
  `cpid` int(11) unsigned NOT NULL AUTO_INCREMENT,
  `customerid` int(11) unsigned NOT NULL DEFAULT 0 COMMENT '用戶ID',
  `title` varchar(100) NOT NULL DEFAULT '' COMMENT '活動名稱',
  `coupon_type` varchar(100) DEFAULT NULL COMMENT '優惠券類型',
  `code` varchar(30) NOT NULL DEFAULT '' COMMENT '折扣券代碼',
  `min_amount` int(10) unsigned NOT NULL DEFAULT 0 COMMENT '滿X金額',
  `amount` int(10) NOT NULL DEFAULT 0 COMMENT '折扣金額',
  `start_time` int(10) NOT NULL DEFAULT 0 COMMENT '開始時間',
  `end_time` int(10) NOT NULL DEFAULT 0 COMMENT '結束時間',
  `has_used` tinyint(1) DEFAULT 0 COMMENT '是否已使用',
  `used_date` int(10) DEFAULT 0 COMMENT '使用日期',
  `oid` bigint(20) unsigned DEFAULT 0,
  `state` tinyint(1) NOT NULL DEFAULT 1 COMMENT '狀態',
  `update_time` int(10) NOT NULL DEFAULT 0 COMMENT '更新日期',
  `create_time` int(10) NOT NULL DEFAULT 0 COMMENT '創建日期',
  PRIMARY KEY (`cpid`)
) ENGINE=InnoDB AUTO_INCREMENT=190 DEFAULT CHARSET=utf8 COMMENT='優惠券';

/*Data for the table `coupons` */

insert  into `coupons`(`cpid`,`customerid`,`title`,`coupon_type`,`code`,`min_amount`,`amount`,`start_time`,`end_time`,`has_used`,`used_date`,`oid`,`state`,`update_time`,`create_time`) values (182,0,'金秋十月惠民','offline','1111111',1,100,1601481600,1604159999,0,0,0,1,0,1600357267),(183,2,'金秋十月惠民','offline','222222',1,100,1601481600,1604159999,1,1600504658,5,1,1600504658,1600357267),(184,2,'金秋十月惠民','offline','333333',1,100,1601481600,1604159999,1,1600504516,4,1,1600504516,1600357267),(185,2,'生日祝福','birth','0005DPF5',1,500,1601481600,1604159999,0,0,0,1,0,1600357452),(186,2,'測試','offline','555555',1,100,1598889600,1604159999,1,1600447468,1,1,1600447468,1600447252),(187,2,'測試優惠券','reg','0005UGNS',1,100,1598889600,1604159999,1,1600584777,0,1,0,1600519352),(188,2,'測試','birth','00043NCM',1,500,1598889600,1604159999,1,1600599833,0,1,0,1600599792),(189,2,'猜猜猜','birth','0000VOPK',1,1000,1598889600,1604159999,1,1600607924,0,1,0,1600607347);

/*Table structure for table `coupons_auto` */

DROP TABLE IF EXISTS `coupons_auto`;

CREATE TABLE `coupons_auto` (
  `auto_type` varchar(20) NOT NULL COMMENT '用戶ID',
  `title` varchar(30) NOT NULL DEFAULT '' COMMENT '活動名稱',
  `rate` decimal(10,4) NOT NULL DEFAULT 0.0000 COMMENT '購物贈送比例',
  `order_amount` int(10) DEFAULT 0 COMMENT '消費滿金額',
  `min_amount` int(10) unsigned NOT NULL DEFAULT 0 COMMENT '滿X金額',
  `amount` int(10) NOT NULL DEFAULT 0 COMMENT '折扣金額',
  `expired_days` int(10) NOT NULL DEFAULT 0 COMMENT '過期天數',
  `state` tinyint(1) NOT NULL DEFAULT 1 COMMENT '狀態',
  `update_time` int(10) NOT NULL DEFAULT 0 COMMENT '更新日期',
  `create_time` int(10) NOT NULL DEFAULT 0 COMMENT '創建日期',
  PRIMARY KEY (`auto_type`)
) ENGINE=InnoDB DEFAULT CHARSET=utf8 COMMENT='優惠券自動發放設置';

/*Data for the table `coupons_auto` */

/*Table structure for table `customer_address` */

DROP TABLE IF EXISTS `customer_address`;

CREATE TABLE `customer_address` (
  `addrid` bigint(16) unsigned NOT NULL AUTO_INCREMENT,
  `customerid` int(10) unsigned NOT NULL DEFAULT 0 COMMENT '客戶ID',
  `fullname` varchar(100) DEFAULT NULL,
  `tel` varchar(15) DEFAULT '' COMMENT '聯系電話',
  `mobile` varchar(15) DEFAULT NULL COMMENT '手機',
  `provid` int(10) unsigned NOT NULL DEFAULT 0 COMMENT '省份',
  `cityid` int(10) unsigned NOT NULL DEFAULT 0 COMMENT '城市',
  `areaid` int(10) unsigned NOT NULL DEFAULT 0 COMMENT '區縣',
  `postcode` varchar(20) DEFAULT NULL,
  `address` varchar(255) DEFAULT '' COMMENT '詳細地址',
  `region_code` varchar(10) DEFAULT '' COMMENT '郵編',
  `is_default` tinyint(1) DEFAULT 0 COMMENT '是否默認地址',
  PRIMARY KEY (`addrid`)
) ENGINE=InnoDB AUTO_INCREMENT=5 DEFAULT CHARSET=utf8mb4 COMMENT='客戶收貨地址';

/*Data for the table `customer_address` */

insert  into `customer_address`(`addrid`,`customerid`,`fullname`,`tel`,`mobile`,`provid`,`cityid`,`areaid`,`postcode`,`address`,`region_code`,`is_default`) values (2,2,'程婷婷','022515033','0939216790',1,3,35,'220','金門街111號1樓','',1),(3,2,'三生三世','2222',NULL,1,14,245,'大師傅','沙發是的馮紹峰','',0),(4,2,'李剛','88888888',NULL,1,2,27,'665991','中山壹路2號','',0);

/*Table structure for table `customer_credit_logs` */

DROP TABLE IF EXISTS `customer_credit_logs`;

CREATE TABLE `customer_credit_logs` (
  `clogid` int(10) unsigned NOT NULL AUTO_INCREMENT,
  `customerid` int(10) unsigned NOT NULL DEFAULT 0,
  `change_amount` int(10) DEFAULT 0,
  `balance_amount` int(10) unsigned DEFAULT 0,
  `ip` varchar(64) DEFAULT NULL,
  `ordno` varchar(64) NOT NULL,
  `msg` varchar(500) NOT NULL,
  `create_at` int(10) unsigned DEFAULT 0,
  PRIMARY KEY (`clogid`)
) ENGINE=InnoDB AUTO_INCREMENT=17 DEFAULT CHARSET=utf8;

/*Data for the table `customer_credit_logs` */

insert  into `customer_credit_logs`(`clogid`,`customerid`,`change_amount`,`balance_amount`,`ip`,`ordno`,`msg`,`create_at`) values (2,2,150,150,'127.0.0.1','','門店消費',1600447757),(3,2,20,170,'127.0.0.1','','門店消費',1600447803),(4,2,100,270,'127.0.0.1','','訂單退款充值',1600503688),(5,2,30,300,'127.0.0.1','','購物金獎勵',1600503732),(6,2,0,290,'127.0.0.1','','購物抵扣',1600503854),(7,2,-10,280,'127.0.0.1','','111',1600503899),(8,2,99,379,'127.0.0.1','202009191635161453','門店消費',1600504516),(9,2,4,383,'127.0.0.1','202009191637386850','門店消費',1600504658),(14,2,100,883,'127.0.0.1','202009201452577073','在線購物抵扣',1600584777),(15,2,800,1683,'127.0.0.1','202009202118443547','在線購物抵扣',1600607924),(16,2,1680,3363,'127.0.0.1','202009202125136643','在線購物抵扣',1600608313);

/*Table structure for table `customer_groups` */

DROP TABLE IF EXISTS `customer_groups`;

CREATE TABLE `customer_groups` (
  `group_id` int(10) unsigned NOT NULL AUTO_INCREMENT,
  `title` varchar(64) DEFAULT NULL,
  `discount` decimal(3,2) unsigned DEFAULT 1.00,
  `sortorder` tinyint(5) DEFAULT 0,
  `order_amount` int(10) DEFAULT 0,
  PRIMARY KEY (`group_id`)
) ENGINE=InnoDB AUTO_INCREMENT=31 DEFAULT CHARSET=utf8 COMMENT='會員等級';

/*Data for the table `customer_groups` */

insert  into `customer_groups`(`group_id`,`title`,`discount`,`sortorder`,`order_amount`) values (1,'壹般','1.00',1,0),(10,'銀卡','0.85',2,1000),(20,'金卡','0.75',3,5000),(30,'白金','0.65',4,8000);

/*Table structure for table `customers` */

DROP TABLE IF EXISTS `customers`;

CREATE TABLE `customers` (
  `customerid` int(11) NOT NULL AUTO_INCREMENT,
  `vipcode` varchar(20) DEFAULT NULL COMMENT '會員編號',
  `fullname` varchar(100) NOT NULL DEFAULT '' COMMENT '姓名',
  `sex` tinyint(1) DEFAULT 0 COMMENT '1男，2女',
  `birth_year` int(10) DEFAULT 0 COMMENT '出生年份',
  `birth_month` tinyint(5) DEFAULT 0 COMMENT '出生月',
  `birth_day` tinyint(5) DEFAULT 0 COMMENT '出生日',
  `custconemail` varchar(250) NOT NULL DEFAULT '' COMMENT '郵箱',
  `custpassword` varchar(50) NOT NULL DEFAULT '' COMMENT '登錄密碼',
  `tel` varchar(20) DEFAULT NULL COMMENT '電話',
  `mobile` varchar(20) DEFAULT NULL COMMENT '手機',
  `provid` int(10) DEFAULT 0 COMMENT '省份',
  `cityid` int(10) DEFAULT 0 COMMENT '城市',
  `areaid` int(10) DEFAULT 0 COMMENT '區縣',
  `postcode` varchar(10) DEFAULT NULL COMMENT '郵編',
  `address` varchar(255) DEFAULT NULL COMMENT '詳細地址',
  `credits` int(10) NOT NULL DEFAULT 0 COMMENT '購物金',
  `pc_code` varchar(20) DEFAULT NULL COMMENT '自然人憑證',
  `invoice_code` varchar(20) DEFAULT NULL COMMENT '手機載具',
  `group_id` int(10) DEFAULT 1 COMMENT '會員等級',
  `openid` varchar(256) DEFAULT NULL COMMENT 'google,facebook login id',
  `state` tinyint(1) DEFAULT 1,
  `update_at` int(11) NOT NULL DEFAULT 0 COMMENT '更新日期',
  `create_at` int(11) NOT NULL DEFAULT 0 COMMENT '創建日期',
  `loginip` varchar(30) NOT NULL COMMENT '登錄IP',
  `regip` varchar(30) NOT NULL COMMENT '註冊IP',
  PRIMARY KEY (`customerid`),
  KEY `custconemail` (`custconemail`)
) ENGINE=MyISAM AUTO_INCREMENT=4 DEFAULT CHARSET=utf8 COMMENT='客戶信息';

/*Data for the table `customers` */

insert  into `customers`(`customerid`,`vipcode`,`fullname`,`sex`,`birth_year`,`birth_month`,`birth_day`,`custconemail`,`custpassword`,`tel`,`mobile`,`provid`,`cityid`,`areaid`,`postcode`,`address`,`credits`,`pc_code`,`invoice_code`,`group_id`,`openid`,`state`,`update_at`,`create_at`,`loginip`,`regip`) values (2,'VIP00000001','張壹',1,2020,0,0,'david1@qq.com','96e79218965eb72c92a549dd5a330112','8989898989',NULL,1,3,39,'5658596','EDDEDDEE',3363,'XE11111111111181','/ABC+123444',0,NULL,1,1599914640,1599841041,'','127.0.0.1');

/*Table structure for table `express_status` */

DROP TABLE IF EXISTS `express_status`;

CREATE TABLE `express_status` (
  `esid` bigint(16) unsigned NOT NULL AUTO_INCREMENT,
  `AllPayLogisticsID` int(10) DEFAULT NULL,
  `LogisticsType1` varchar(10) DEFAULT NULL,
  `LogisticsType2` varchar(10) DEFAULT NULL,
  `LogisticsStatus` int(10) DEFAULT NULL,
  `ShipmentNo` varchar(32) DEFAULT NULL,
  `TradeDate` int(10) DEFAULT 0,
  PRIMARY KEY (`esid`),
  KEY `uniqu` (`AllPayLogisticsID`,`LogisticsType1`,`LogisticsType2`,`LogisticsStatus`,`TradeDate`)
) ENGINE=InnoDB AUTO_INCREMENT=3 DEFAULT CHARSET=utf8;

/*Data for the table `express_status` */

insert  into `express_status`(`esid`,`AllPayLogisticsID`,`LogisticsType1`,`LogisticsType2`,`LogisticsStatus`,`ShipmentNo`,`TradeDate`) values (1,1644592,'HOME','TCAT',300,'',1600595753),(2,1644593,'CVS','UNIMART',300,'82420178624',1600599849);

/*Table structure for table `news` */

DROP TABLE IF EXISTS `news`;

CREATE TABLE `news` (
  `newsid` int(10) unsigned NOT NULL AUTO_INCREMENT,
  `title` varchar(255) NOT NULL COMMENT '標題',
  `thumb_image` varchar(100) DEFAULT NULL,
  `content` longtext DEFAULT NULL COMMENT '詳細描述',
  `sortorder` int(10) NOT NULL DEFAULT 0 COMMENT '排序',
  `state` tinyint(1) NOT NULL DEFAULT 1 COMMENT '顯示狀態',
  `seo_title` varchar(255) DEFAULT NULL,
  `seo_keywords` varchar(255) DEFAULT NULL,
  `seo_desc` varchar(255) DEFAULT NULL,
  `create_at` int(10) NOT NULL DEFAULT 0 COMMENT '發布日期',
  PRIMARY KEY (`newsid`)
) ENGINE=InnoDB AUTO_INCREMENT=5 DEFAULT CHARSET=utf8mb4 COMMENT='新聞公告消息';

/*Data for the table `news` */

insert  into `news`(`newsid`,`title`,`thumb_image`,`content`,`sortorder`,`state`,`seo_title`,`seo_keywords`,`seo_desc`,`create_at`) values (1,'恭祝網站上線','images/20200911/33e6eb034b13ea5cc58754de5e8eda02.jpg','<p>非常漂亮的網站</p>\r\n\r\n<p><img alt=\"\" src=\"/storage/images/20200904/964692647518d5bee0b435447158c6cb.png\" />yle=&quot;height:835px; width:1250px&quot; /&gt;</p>\r\n\r\n<p>&nbsp;</p>\r\n\r\n<p>8月29號，家在山外的蒙美成，拎著牛肉爬了2個多小時的山，才到達龍布屯的三舅蒙玉明家，這是蒙美成有生以來第三次來，前兩次是參加大舅和二舅的葬禮。</p>\r\n\r\n<p>桂西北這種高峰叢深，窪地密集的喀斯特地貌，在大崇村很明顯。石山合圍而成的是大小不壹，深淺不同的封閉窪地，瑤語把窪地稱為弄場，也叫屯，大崇村有32個自然屯。</p>\r\n\r\n<p>這裏也是廣西缺水最嚴重的地區，生活在這裏的布努瑤，開山辟地，收集雨水，在深深的窪地裏耕作。</p>\r\n\r\n<p><img src=\"https://inews.gtimg.com/newsapp_bt/0/12444387934/1000\" /><em>峰叢和窪地的地貌，大崇村各個組分布其中。</em></p>\r\n\r\n<p>蒙美成搭的車只到龍古，從龍古到龍布的3.3公裏山路叫&ldquo;十八彎&rdquo;，司機不肯再上。</p>\r\n\r\n<p>擋住龍布屯與外界聯系的石山坡度傾角很大，遠遠望去，&ldquo;十八彎&rdquo;就像是匕首在石頭上用力留下的十八道&ldquo;之&rdquo;字尖角劃痕，沒壹點圓弧。</p>\r\n\r\n<p>路還沒硬化，破碎的石灰巖在烈日下有棱有角、熱氣騰騰、慘白冒煙。在今年十八彎修好之前，屯裏的人進出只能靠崎嶇的山路。</p>\r\n\r\n<p><img src=\"https://inews.gtimg.com/newsapp_bt/0/12444387966/1000\" /><em>龍布屯過去進村的路僅有幾條羊腸小道，2019年6月開建名為&ldquo;十八彎&rdquo;的進村公路。</em></p>\r\n\r\n<p>蒙美成只得徒步盤到峰頂，經過壹排正在安裝的黃灰相間的集裝箱民宿，再向下盤到底部的窪地，龍布屯就到了。</p>\r\n\r\n<p>舅媽蒙鳳秋喊了多次讓她來看新蓋的房子。在她印象裏，龍布屯的之前的房子或者是木結構或者是泥瓦房，總之都是危房。</p>',0,1,'1','3','5',1599832776),(3,'全館限時免運＋會員首次結帳再現折50購物金！現賺120活動只到七月底',NULL,'<p>全館限時免運＋會員首次結帳再現折50購物金！現賺120活動只到七月底全館限時免運＋會員首次結帳再現折50購物金！現賺120活動只到七月底全館限時免運＋會員首次結帳再現折50購物金！現賺120活動只到七月底全館限時免運＋會員首次結帳再現折50購物金！現賺120活動只到七月底全館限時免運＋會員首次結帳再現折50購物金！現賺120活動只到七月底全館限時免運＋會員首次結帳再現折50購物金！現賺120活動只到七月底全館限時免運＋會員首次結帳再現折50購物金！現賺120活動只到七月底全館限時免運＋會員首次結帳再現折50購物金！現賺120活動只到七月底</p>\r\n',0,1,'','','',1599567991),(4,'EX全館限時免運＋會員首次結帳再現折50購物金！現賺120活動只到七月底',NULL,'<p>全館限時免運＋會員首次結帳再現折50購物金！現賺120活動只到七月底全館限時免運＋會員首次結帳再現折50購物金！現賺120活動只到七月底全館限時免運＋會員首次結帳再現折50購物金！現賺120活動只到七月底全館限時免運＋會員首次結帳再現折50購物金！現賺120活動只到七月底全館限時免運＋會員首次結帳再現折50購物金！現賺120活動只到七月底</p>\r\n',0,1,'','','',1599568006);

/*Table structure for table `nodes` */

DROP TABLE IF EXISTS `nodes`;

CREATE TABLE `nodes` (
  `nodeid` int(11) NOT NULL AUTO_INCREMENT,
  `pid` int(11) NOT NULL DEFAULT 0 COMMENT '所屬模塊',
  `url` varchar(100) NOT NULL DEFAULT '' COMMENT '控制器或方法實名',
  `title` varchar(30) NOT NULL DEFAULT '' COMMENT '控制器或方法別名',
  `sortorder` int(10) DEFAULT 999 COMMENT '排序',
  `is_menu` tinyint(1) DEFAULT 1 COMMENT '是否顯示',
  `status` tinyint(1) NOT NULL DEFAULT 1 COMMENT '節點是否啟用許可權控制',
  `update_time` int(10) DEFAULT 0,
  `create_time` int(10) NOT NULL DEFAULT 0,
  PRIMARY KEY (`nodeid`),
  KEY `status` (`status`)
) ENGINE=InnoDB AUTO_INCREMENT=492 DEFAULT CHARSET=utf8 COMMENT='許可權節點';

/*Data for the table `nodes` */

insert  into `nodes`(`nodeid`,`pid`,`url`,`title`,`sortorder`,`is_menu`,`status`,`update_time`,`create_time`) values (490,0,'admin/Product','產品管理',1,1,1,1600262669,1600262669),(491,490,'admin/Product/index','產品列表',1,1,1,1600264383,1600263112);

/*Table structure for table `order_products` */

DROP TABLE IF EXISTS `order_products`;

CREATE TABLE `order_products` (
  `opid` int(11) unsigned NOT NULL AUTO_INCREMENT,
  `oid` bigint(20) DEFAULT 0 COMMENT '訂單ID',
  `prodid` int(11) DEFAULT 0 COMMENT '產品ID',
  `sku` varchar(32) DEFAULT NULL COMMENT '產品編號',
  `prodimage` varchar(255) DEFAULT NULL COMMENT '產品圖片',
  `prodname` varchar(255) DEFAULT NULL COMMENT '產品名稱',
  `options` text DEFAULT NULL,
  `qty` smallint(5) NOT NULL DEFAULT 1 COMMENT '數量',
  `prod_price` decimal(10,2) NOT NULL DEFAULT 0.00 COMMENT '單價',
  `total_amount` decimal(10,2) DEFAULT 0.00 COMMENT '總價',
  `shiped_qty` smallint(5) DEFAULT 0 COMMENT '已發貨數量',
  `ship_state` tinyint(5) DEFAULT 0 COMMENT '發貨狀態',
  `update_date` int(10) DEFAULT 0 COMMENT '更新日期',
  `create_date` int(10) DEFAULT 0 COMMENT '創建日期',
  PRIMARY KEY (`opid`)
) ENGINE=InnoDB AUTO_INCREMENT=511 DEFAULT CHARSET=utf8 COMMENT='訂單產品表';

/*Data for the table `order_products` */

insert  into `order_products`(`opid`,`oid`,`prodid`,`sku`,`prodimage`,`prodname`,`options`,`qty`,`prod_price`,`total_amount`,`shiped_qty`,`ship_state`,`update_date`,`create_date`) values (480,202009201456453103,12,'2','images/20200906/778c42363a3818485e8290e0d64fda27.png','女士情侶戒指','[{\"attrname\":\"\\u5c3a\\u7801\",\"valuename\":\"1.0\"},{\"attrname\":\"\\u6b3e\\u5f0f\",\"valuename\":\"\\u5c11\\u5973\\u6b3e\"}]',2,'222222.00','444444.00',0,0,0,1600585005),(482,202009201506291246,12,'1000','images/20200906/778c42363a3818485e8290e0d64fda27.png','女士情侶戒指','[{\"attrname\":\"\\u5c3a\\u7801\",\"valuename\":\"0.9\"},{\"attrname\":\"\\u6b3e\\u5f0f\",\"valuename\":\"\\u5c11\\u5973\\u6b3e\"}]',2,'1000.00','2000.00',0,0,0,1600585589),(483,202009201509223843,12,'1000','images/20200902/0605b3c1e568ea4665008b47d13d8693_thumb.jpg','女士情侶戒指','[{\"attrname\":\"\\u5c3a\\u7801\",\"valuename\":\"0.9\"},{\"attrname\":\"\\u6b3e\\u5f0f\",\"valuename\":\"\\u8001\\u5934\\u6b3e\"}]',3,'4000.00','12000.00',0,0,0,1600585762),(484,202009201524363915,12,'998','images/20200906/778c42363a3818485e8290e0d64fda27.png','女士情侶戒指','[{\"attrname\":\"\\u5c3a\\u7801\",\"valuename\":\"0.9\"},{\"attrname\":\"\\u6b3e\\u5f0f\",\"valuename\":\"\\u5c11\\u5973\\u6b3e\"}]',2,'1000.00','2000.00',0,0,0,1600586676),(485,202009201739595069,12,'998','images/20200906/778c42363a3818485e8290e0d64fda27.png','女士情侶戒指','[{\"attrname\":\"\\u5c3a\\u7801\",\"valuename\":\"0.9\"},{\"attrname\":\"\\u6b3e\\u5f0f\",\"valuename\":\"\\u5c11\\u5973\\u6b3e\"}]',2,'1000.00','2000.00',0,0,0,1600594799),(486,202009201739595069,12,'997','images/20200902/0605b3c1e568ea4665008b47d13d8693_thumb.jpg','女士情侶戒指','[{\"attrname\":\"\\u5c3a\\u7801\",\"valuename\":\"0.9\"},{\"attrname\":\"\\u6b3e\\u5f0f\",\"valuename\":\"\\u8001\\u5934\\u6b3e\"}]',3,'4000.00','12000.00',0,0,0,1600594799),(487,202009201744519048,12,'998','images/20200906/778c42363a3818485e8290e0d64fda27.png','女士情侶戒指','[{\"attrname\":\"\\u5c3a\\u7801\",\"valuename\":\"0.9\"},{\"attrname\":\"\\u6b3e\\u5f0f\",\"valuename\":\"\\u5c11\\u5973\\u6b3e\"}]',2,'1000.00','2000.00',0,0,0,1600595091),(488,202009201744519048,12,'997','images/20200902/0605b3c1e568ea4665008b47d13d8693_thumb.jpg','女士情侶戒指','[{\"attrname\":\"\\u5c3a\\u7801\",\"valuename\":\"0.9\"},{\"attrname\":\"\\u6b3e\\u5f0f\",\"valuename\":\"\\u8001\\u5934\\u6b3e\"}]',3,'4000.00','12000.00',0,0,0,1600595091),(489,202009201755429104,12,'998','images/20200906/778c42363a3818485e8290e0d64fda27.png','女士情侶戒指','[{\"attrname\":\"\\u5c3a\\u7801\",\"valuename\":\"0.9\"},{\"attrname\":\"\\u6b3e\\u5f0f\",\"valuename\":\"\\u5c11\\u5973\\u6b3e\"}]',2,'1000.00','2000.00',0,0,0,1600595742),(490,202009201755429104,12,'997','images/20200902/0605b3c1e568ea4665008b47d13d8693_thumb.jpg','女士情侶戒指','[{\"attrname\":\"\\u5c3a\\u7801\",\"valuename\":\"0.9\"},{\"attrname\":\"\\u6b3e\\u5f0f\",\"valuename\":\"\\u8001\\u5934\\u6b3e\"}]',3,'4000.00','12000.00',0,0,0,1600595742),(491,202009201903536766,12,'998','images/20200906/778c42363a3818485e8290e0d64fda27.png','女士情侶戒指','[{\"attrname\":\"\\u5c3a\\u7801\",\"valuename\":\"0.9\"},{\"attrname\":\"\\u6b3e\\u5f0f\",\"valuename\":\"\\u5c11\\u5973\\u6b3e\"}]',2,'1000.00','2000.00',0,0,0,1600599833),(492,202009201903536766,12,'997','images/20200902/0605b3c1e568ea4665008b47d13d8693_thumb.jpg','女士情侶戒指','[{\"attrname\":\"\\u5c3a\\u7801\",\"valuename\":\"0.9\"},{\"attrname\":\"\\u6b3e\\u5f0f\",\"valuename\":\"\\u8001\\u5934\\u6b3e\"}]',3,'4000.00','12000.00',0,0,0,1600599833),(499,202009201946246644,12,'998','images/20200906/778c42363a3818485e8290e0d64fda27.png','女士情侶戒指','[{\"attrname\":\"\\u5c3a\\u7801\",\"valuename\":\"0.9\"},{\"attrname\":\"\\u6b3e\\u5f0f\",\"valuename\":\"\\u5c11\\u5973\\u6b3e\"}]',2,'1000.00','2000.00',0,0,0,1600602384),(500,202009201946246644,12,'997','images/20200902/0605b3c1e568ea4665008b47d13d8693_thumb.jpg','女士情侶戒指','[{\"attrname\":\"\\u5c3a\\u7801\",\"valuename\":\"0.9\"},{\"attrname\":\"\\u6b3e\\u5f0f\",\"valuename\":\"\\u8001\\u5934\\u6b3e\"}]',3,'4000.00','12000.00',0,0,0,1600602384),(501,202009201946246644,13,'P00003','images/20200903/355eee37b2bc034c8085374993f25b47_thumb.png','男士戒指001','[]',1,'100.00','100.00',0,0,0,1600602384),(502,202009202118443547,12,'998','images/20200906/778c42363a3818485e8290e0d64fda27.png','女士情侶戒指','[{\"attrname\":\"\\u5c3a\\u7801\",\"valuename\":\"0.9\"},{\"attrname\":\"\\u6b3e\\u5f0f\",\"valuename\":\"\\u5c11\\u5973\\u6b3e\"}]',2,'1000.00','2000.00',0,0,0,1600607924),(503,202009202118443547,12,'997','images/20200902/0605b3c1e568ea4665008b47d13d8693_thumb.jpg','女士情侶戒指','[{\"attrname\":\"\\u5c3a\\u7801\",\"valuename\":\"0.9\"},{\"attrname\":\"\\u6b3e\\u5f0f\",\"valuename\":\"\\u8001\\u5934\\u6b3e\"}]',3,'4000.00','12000.00',0,0,0,1600607924),(504,202009202118443547,13,'P00003','images/20200903/355eee37b2bc034c8085374993f25b47_thumb.png','男士戒指001','[]',1,'100.00','100.00',0,0,0,1600607924),(505,202009202125136643,12,'998','images/20200906/778c42363a3818485e8290e0d64fda27.png','女士情侶戒指','[{\"attrname\":\"\\u5c3a\\u7801\",\"valuename\":\"0.9\"},{\"attrname\":\"\\u6b3e\\u5f0f\",\"valuename\":\"\\u5c11\\u5973\\u6b3e\"}]',2,'1000.00','2000.00',0,0,0,1600608313),(506,202009202125136643,12,'997','images/20200902/0605b3c1e568ea4665008b47d13d8693_thumb.jpg','女士情侶戒指','[{\"attrname\":\"\\u5c3a\\u7801\",\"valuename\":\"0.9\"},{\"attrname\":\"\\u6b3e\\u5f0f\",\"valuename\":\"\\u8001\\u5934\\u6b3e\"}]',3,'4000.00','12000.00',0,0,0,1600608313),(507,202009202125136643,13,'P00003','images/20200903/355eee37b2bc034c8085374993f25b47_thumb.png','男士戒指001','[]',1,'100.00','100.00',0,0,0,1600608313),(508,202009202126445688,12,'1000','images/20200902/0605b3c1e568ea4665008b47d13d8693_thumb.jpg','女士情侶戒指','[{\"attrname\":\"\\u5c3a\\u7801\",\"valuename\":\"1.0\"},{\"attrname\":\"\\u6b3e\\u5f0f\",\"valuename\":\"\\u8001\\u5973\\u4eba\\u6b3e\"}]',1,'3000.00','3000.00',0,0,0,1600608404),(509,202009202152234831,12,'1000','images/20200902/0605b3c1e568ea4665008b47d13d8693_thumb.jpg','女士情侶戒指','[{\"attrname\":\"\\u5c3a\\u7801\",\"valuename\":\"1.0\"},{\"attrname\":\"\\u6b3e\\u5f0f\",\"valuename\":\"\\u8001\\u5973\\u4eba\\u6b3e\"}]',2,'3000.00','6000.00',0,0,0,1600609943),(510,202009202152234831,12,'1000','images/20200902/0605b3c1e568ea4665008b47d13d8693_thumb.jpg','女士情侶戒指','[{\"attrname\":\"\\u5c3a\\u7801\",\"valuename\":\"0.9\"},{\"attrname\":\"\\u6b3e\\u5f0f\",\"valuename\":\"\\u8001\\u5973\\u4eba\\u6b3e\"}]',1,'2000.00','2000.00',0,0,0,1600609943);

/*Table structure for table `order_returns` */

DROP TABLE IF EXISTS `order_returns`;

CREATE TABLE `order_returns` (
  `oid` bigint(20) unsigned NOT NULL AUTO_INCREMENT,
  `customerid` bigint(20) DEFAULT 0 COMMENT '用戶ID',
  `return_type` varchar(20) DEFAULT NULL,
  `ship_type` varchar(20) DEFAULT NULL,
  `shipping_name` varchar(50) DEFAULT '' COMMENT '收貨人姓名',
  `shipping_sex` varchar(5) DEFAULT NULL,
  `shipping_mobile` varchar(15) DEFAULT NULL,
  `shipping_tel1` varchar(10) DEFAULT NULL,
  `shipping_tel2` varchar(15) DEFAULT '' COMMENT '收貨人電話',
  `shipping_email` varchar(30) DEFAULT NULL,
  `shipping_city` varchar(30) DEFAULT NULL,
  `shipping_area` varchar(30) DEFAULT NULL,
  `shipping_address` varchar(255) DEFAULT '' COMMENT '收貨地址',
  `shipping_zipcode` varchar(25) DEFAULT '',
  `LogisticsType` varchar(64) DEFAULT '',
  `LogisticsSubType` varchar(64) DEFAULT '',
  `return_express_status` varchar(20) DEFAULT '',
  `RtnMerchantTradeNo` varchar(64) DEFAULT '' COMMENT '綠界科技逆物流',
  `RtnOrderNo` varchar(64) DEFAULT '' COMMENT '退貨編號',
  `ship_time` varchar(20) DEFAULT NULL,
  `bank_name` varchar(50) DEFAULT NULL,
  `bank_num` varchar(30) DEFAULT NULL,
  `remark` text DEFAULT NULL COMMENT '會員備註',
  `admin_remark` text DEFAULT NULL COMMENT '管理員備註',
  `update_time` int(10) DEFAULT 0 COMMENT '更新日期',
  `create_time` int(10) DEFAULT 0 COMMENT '創建日期',
  PRIMARY KEY (`oid`),
  KEY `user_id_create_date_order_status` (`customerid`,`create_time`)
) ENGINE=InnoDB AUTO_INCREMENT=15243592254308 DEFAULT CHARSET=utf8 COMMENT='退換貨';

/*Data for the table `order_returns` */

/*Table structure for table `orders` */

DROP TABLE IF EXISTS `orders`;

CREATE TABLE `orders` (
  `oid` bigint(20) unsigned NOT NULL AUTO_INCREMENT,
  `payoid` bigint(20) DEFAULT NULL,
  `customerid` bigint(20) DEFAULT 0 COMMENT '用戶ID',
  `sub_total_amount` decimal(10,2) DEFAULT 0.00,
  `shipping_fee` int(11) DEFAULT 0,
  `coupon_code` varchar(30) DEFAULT '0' COMMENT '優惠券號',
  `coupon_amount` int(11) DEFAULT 0,
  `promotion_rules` varchar(200) DEFAULT '0' COMMENT '折扣ID',
  `promotion_amount` int(11) DEFAULT 0,
  `credits` int(10) DEFAULT 0,
  `credit_money` int(10) DEFAULT 0 COMMENT '購物金轉抵扣金額',
  `total_amount` int(11) DEFAULT 0 COMMENT '訂單總額',
  `PaymentDate` varchar(25) DEFAULT NULL,
  `PaymentType` varchar(50) DEFAULT NULL,
  `PaymentTypeChargeFee` int(11) DEFAULT 0,
  `RtnCode` varchar(10) DEFAULT '0',
  `RtnMsg` varchar(50) DEFAULT NULL,
  `TradeAmt` int(11) DEFAULT 0,
  `TradeDate` varchar(25) DEFAULT NULL,
  `TradeNo` varchar(64) DEFAULT NULL,
  `CheckMacValue` varchar(256) DEFAULT NULL,
  `billing_name` varchar(20) DEFAULT '',
  `billing_sex` varchar(5) DEFAULT '',
  `billing_mobile` varchar(15) DEFAULT '',
  `billing_tel1` varchar(10) DEFAULT '' COMMENT '電話區號',
  `billing_tel2` varchar(15) DEFAULT '',
  `billing_email` varchar(30) DEFAULT '',
  `shipping_name` varchar(50) DEFAULT '' COMMENT '收貨人姓名',
  `shipping_sex` varchar(5) DEFAULT NULL,
  `shipping_mobile` varchar(15) DEFAULT NULL,
  `shipping_tel1` varchar(10) DEFAULT NULL,
  `shipping_tel2` varchar(15) DEFAULT '' COMMENT '收貨人電話',
  `shipping_email` varchar(30) DEFAULT NULL,
  `shipping_city` varchar(30) DEFAULT NULL,
  `shipping_area` varchar(30) DEFAULT NULL,
  `shipping_address` varchar(255) DEFAULT '' COMMENT '收貨地址',
  `shipping_zipcode` varchar(25) DEFAULT '',
  `LogisticsType` varchar(25) DEFAULT '' COMMENT '物流類型',
  `LogisticsSubType` varchar(25) DEFAULT '' COMMENT '物流子類型',
  `CVSStoreID` varchar(64) DEFAULT '' COMMENT '門市編號',
  `CVSStoreName` varchar(200) DEFAULT '' COMMENT '門店名稱',
  `CVSTelephone` varchar(50) DEFAULT '' COMMENT '門店電話',
  `CVSAddress` varchar(255) DEFAULT '' COMMENT '門店地址',
  `AllPayLogisticsID` varchar(64) DEFAULT '',
  `BookingNote` varchar(64) DEFAULT '',
  `CVSPaymentNo` varchar(64) DEFAULT '',
  `CVSValidationNo` varchar(64) DEFAULT '',
  `ECheckMacValue` varchar(200) DEFAULT '',
  `pay_type` varchar(30) DEFAULT NULL,
  `revice_time` varchar(20) DEFAULT NULL,
  `remark` text DEFAULT NULL COMMENT '會員備註',
  `invoice_type` varchar(30) DEFAULT NULL,
  `invoice_header` varchar(100) DEFAULT NULL,
  `invoice_no` varchar(100) DEFAULT NULL,
  `invoice_email` varchar(100) DEFAULT NULL,
  `invoice_zaiju` varchar(64) DEFAULT NULL COMMENT '發票載具',
  `pay_status` tinyint(1) NOT NULL DEFAULT 0 COMMENT '支付狀態，默認0：未支付，1：已支付',
  `transid` varchar(64) DEFAULT NULL COMMENT '虛擬賬號',
  `order_status` int(11) DEFAULT 0 COMMENT '訂單狀態',
  `shipped_date` int(10) DEFAULT 0,
  `shipping_type_name` varchar(50) DEFAULT NULL COMMENT '配送方式',
  `domain` varchar(100) DEFAULT '' COMMENT '來源域名',
  `admin_remark` text DEFAULT NULL COMMENT '管理員備註',
  `has_rebate` tinyint(1) DEFAULT 0,
  `update_date` int(10) DEFAULT 0 COMMENT '更新日期',
  `create_date` int(10) DEFAULT 0 COMMENT '創建日期',
  PRIMARY KEY (`oid`),
  KEY `user_id_create_date_order_status` (`customerid`,`create_date`,`order_status`)
) ENGINE=InnoDB AUTO_INCREMENT=202009202152234832 DEFAULT CHARSET=utf8 COMMENT='訂單表';

/*Data for the table `orders` */

insert  into `orders`(`oid`,`payoid`,`customerid`,`sub_total_amount`,`shipping_fee`,`coupon_code`,`coupon_amount`,`promotion_rules`,`promotion_amount`,`credits`,`credit_money`,`total_amount`,`PaymentDate`,`PaymentType`,`PaymentTypeChargeFee`,`RtnCode`,`RtnMsg`,`TradeAmt`,`TradeDate`,`TradeNo`,`CheckMacValue`,`billing_name`,`billing_sex`,`billing_mobile`,`billing_tel1`,`billing_tel2`,`billing_email`,`shipping_name`,`shipping_sex`,`shipping_mobile`,`shipping_tel1`,`shipping_tel2`,`shipping_email`,`shipping_city`,`shipping_area`,`shipping_address`,`shipping_zipcode`,`LogisticsType`,`LogisticsSubType`,`CVSStoreID`,`CVSStoreName`,`CVSTelephone`,`CVSAddress`,`AllPayLogisticsID`,`BookingNote`,`CVSPaymentNo`,`CVSValidationNo`,`ECheckMacValue`,`pay_type`,`revice_time`,`remark`,`invoice_type`,`invoice_header`,`invoice_no`,`invoice_email`,`invoice_zaiju`,`pay_status`,`transid`,`order_status`,`shipped_date`,`shipping_type_name`,`domain`,`admin_remark`,`has_rebate`,`update_date`,`create_date`) values (202009201456453103,NULL,2,'444444.00',100,'0',0,'[]',0,0,0,444544,NULL,NULL,0,'0',NULL,0,NULL,NULL,NULL,'','','','','','','王二二',NULL,'66666667',NULL,'',NULL,'桃園市','龍潭區','桃園街道','665991','HOME','ECAN','','','','','','','','','','1',NULL,NULL,'三聯式發票','發票擡頭','88888888','david1@qq.com',NULL,0,NULL,-50,0,NULL,'',NULL,0,1600585005,1600585005),(202009201506291246,2020092018563433594,2,'2000.00',100,'0',0,'[]',0,0,0,2100,NULL,NULL,0,'0',NULL,0,NULL,NULL,NULL,'','','','','','','王二二',NULL,'66666667',NULL,'',NULL,'桃園市','龍潭區','桃園街道','665991','HOME','TCAT','','','','','','','','','','2',NULL,NULL,'二聯式發票','','','david1@qq.com',NULL,0,NULL,0,0,NULL,'',NULL,0,1600599394,1600585589),(202009201509223843,2020092015092269097,2,'12000.00',100,'0',0,'[]',0,0,0,12100,NULL,NULL,0,'0',NULL,0,NULL,NULL,NULL,'','','','','','','王二二',NULL,'66666667',NULL,'',NULL,'桃園市','龍潭區','桃園街道','665991','HOME','TCAT','','','','','','','','','','2',NULL,NULL,'二聯式發票','','','david1@qq.com',NULL,0,NULL,0,0,NULL,'',NULL,0,1600585762,1600585762),(202009201524363915,2020092015243697655,2,'2000.00',100,'0',0,'[]',0,0,0,2100,NULL,NULL,0,'0',NULL,0,NULL,NULL,NULL,'','','','','','','王二二',NULL,'66666667',NULL,'',NULL,'桃園市','龍潭區','桃園街道','665991','CVS','FAMI','006598','臺醫店','02-24326001','臺北市中正區中山南路７號１樓','','','','','','1',NULL,NULL,'三聯式發票','666666','7777777','david1@qq.com',NULL,1,NULL,1,0,NULL,'',NULL,0,1600593424,1600586676),(202009201739595069,2020092017395978521,2,'14000.00',200,'0',0,'[]',0,0,0,14200,NULL,NULL,0,'0',NULL,0,NULL,NULL,NULL,'','','','','','','王二二',NULL,'022515033',NULL,'',NULL,'桃園市','龍潭區','桃園街道','665991','HOME','TCAT','','','','','','','','','','1',NULL,NULL,'二聯式發票','','','david1@qq.com','invoice_code',0,NULL,0,0,NULL,'',NULL,0,1600594799,1600594799),(202009201744519048,2020092017445156341,2,'14000.00',200,'0',0,'[]',0,0,0,14200,NULL,NULL,0,'0',NULL,0,NULL,NULL,NULL,'','','','','','','程婷婷',NULL,'022515033',NULL,'',NULL,'新北市','板橋區','金門街111號1樓','220','HOME','TCAT','','','','','','','','','','1',NULL,NULL,'二聯式發票','','','david1@qq.com','invoice_code',0,NULL,0,0,NULL,'',NULL,0,1600595091,1600595091),(202009201755429104,2020092017554234013,2,'14000.00',200,'0',0,'[]',0,0,0,14200,NULL,NULL,0,'0',NULL,0,NULL,NULL,NULL,'','','','','','','程婷婷',NULL,'0939216790','022515033','',NULL,'新北市','板橋區','金門街111號1樓','220','HOME','TCAT','','','','','1644592','100831233362','','','C44FC642579E08BAEFEFAF2C98F241BC','1',NULL,NULL,'二聯式發票','','','david1@qq.com','invoice_code',0,NULL,2,0,NULL,'',NULL,0,1600595742,1600595742),(202009201903536766,2020092019035355531,2,'14000.00',200,'00043NCM',500,'[]',0,0,0,13700,NULL,NULL,0,'0',NULL,0,NULL,NULL,NULL,'','','','','','','程婷婷',NULL,'0939216790','022515033','',NULL,'新北市','板橋區','金門街111號1樓','220','CVS','UNIMART','991182','馥樺門市','','臺北市南港區三重路23號1樓','1644593','','','','7AAD201CE6699A78CBD68C4AE59A2F39','2',NULL,NULL,'二聯式發票','','','david1@qq.com','invoice_code',0,NULL,2,0,NULL,'',NULL,0,1600599833,1600599833),(202009201946246644,2020092019462454970,2,'14100.00',200,'0',0,'[]',0,0,0,14300,NULL,NULL,0,'0',NULL,0,NULL,NULL,NULL,'','','','','','','程婷婷',NULL,'0939216790','022515033','',NULL,'新北市','板橋區','金門街111號1樓','220','CVS','HILIFE','2001','北市杭州店','02-23579306','臺北市大安區杭州南路二段５號','1644594','','','','CB294E6579263CDA86E7EDC402B7F3B8','1',NULL,NULL,'二聯式發票','','','david1@qq.com','invoice_code',0,NULL,2,0,NULL,'',NULL,0,1600602384,1600602384),(202009202118443547,2020092021184431562,2,'14100.00',500,'0000VOPK',1000,'[{\"title\":\"\\u6ee11000\\u514d\\u8fd0\\u8d39\",\"amount\":500}]',500,800,8,13092,NULL,NULL,0,'0',NULL,0,NULL,NULL,NULL,'','','','','','','程婷婷',NULL,'0939216790','022515033','',NULL,'新北市','板橋區','金門街111號1樓','220','HOME','ECAN','','','','','1644596','677888752273','','','3FAF7B4C3EE3F8C2AB040B3CCDE6E7D4','1',NULL,NULL,'二聯式發票','','','david1@qq.com','invoice_code',0,NULL,2,0,NULL,'',NULL,0,1600607924,1600607924),(202009202125136643,2020092021251391569,2,'14100.00',500,'0',0,'[{\"title\":\"\\u6ee11000\\u514d\\u8fd0\\u8d39\",\"amount\":500}]',500,1680,16,14084,NULL,NULL,0,'0',NULL,0,NULL,NULL,NULL,'','','','','','','程婷婷',NULL,'0939216790','022515033','',NULL,'新北市','板橋區','金門街111號1樓','220','CVS','HILIFE','2001','北市杭州店','02-23579306','臺北市大安區杭州南路二段５號','','','','','','2',NULL,NULL,'二聯式發票','','','david1@qq.com','pc_code',0,NULL,0,0,NULL,'',NULL,0,1600608313,1600608313),(202009202126445688,2020092021264439193,2,'3000.00',100,'0',0,'[{\"title\":\"\\u6ee11000\\u514d\\u8fd0\\u8d39\",\"amount\":100}]',100,0,0,3000,NULL,NULL,0,'0',NULL,0,NULL,NULL,NULL,'','','','','','','程婷婷',NULL,'0939216790','022515033','',NULL,'新北市','板橋區','金門街111號1樓','220','HOME','ECAN','','','','','1644597','677888752284','','','D7E73108FBDE8805E606BE84655F5CE1','1',NULL,NULL,'二聯式發票','','','david1@qq.com','invoice_code',0,NULL,2,0,NULL,'',NULL,0,1600608404,1600608404),(202009202152234831,2020092021522392667,2,'8000.00',300,'0',0,'[{\"title\":\"\\u6ee11000\\u514d\\u8fd0\\u8d39\",\"amount\":300}]',300,0,0,8000,NULL,NULL,0,'0',NULL,0,NULL,NULL,NULL,'','','','','','','程婷婷',NULL,'0939216790','022515033','',NULL,'新北市','板橋區','金門街111號1樓','220','HOME','TCAT','','','','','1644598','100831233373','','','5584ABEC86494BCBD22CC271EE718D28','1',NULL,NULL,'二聯式發票','','','david1@qq.com','invoice_code',0,NULL,2,0,NULL,'',NULL,0,1600609943,1600609943);

/*Table structure for table `pages` */

DROP TABLE IF EXISTS `pages`;

CREATE TABLE `pages` (
  `pageid` int(10) unsigned NOT NULL AUTO_INCREMENT,
  `parentid` int(10) DEFAULT 0 COMMENT '上級',
  `title` varchar(255) NOT NULL COMMENT '標題',
  `content` longtext DEFAULT NULL COMMENT '詳細內容',
  `sortorder` int(10) DEFAULT 0 COMMENT '排序',
  `state` tinyint(1) NOT NULL DEFAULT 1 COMMENT '啟用狀態',
  `seo_title` varchar(255) NOT NULL DEFAULT '' COMMENT 'SEO標題',
  `seo_keywords` varchar(255) NOT NULL DEFAULT '' COMMENT 'SEO關鍵詞',
  `seo_desc` varchar(255) NOT NULL DEFAULT '' COMMENT 'SEO描述',
  `update_at` int(10) NOT NULL DEFAULT 0 COMMENT '更新日期',
  `create_at` int(10) NOT NULL DEFAULT 0 COMMENT '創建日期',
  PRIMARY KEY (`pageid`)
) ENGINE=InnoDB AUTO_INCREMENT=15 DEFAULT CHARSET=utf8mb4 COMMENT='頁面內容';

/*Data for the table `pages` */

insert  into `pages`(`pageid`,`parentid`,`title`,`content`,`sortorder`,`state`,`seo_title`,`seo_keywords`,`seo_desc`,`update_at`,`create_at`) values (1,0,'顧客服務','&lt;p&gt;&lt;em&gt;&lt;strong&gt;第三方士大夫&lt;/strong&gt;&lt;/em&gt;&lt;/p&gt;',0,1,'','','',0,1599572399),(2,1,'退換貨政策','<p>是是是</p>\r\n',1,1,'11','22','44',0,1599571301),(4,1,'支付配送','',2,1,'','','',0,1599571315),(5,1,'購物流程','',3,1,'','','',0,1599571328),(6,1,'預購相關規章','',4,1,'','','',0,1599571340),(7,0,'關於我們','',2,1,'','','',0,1599571352),(8,7,'關於我們','',1,1,'','','',0,1599571365),(9,7,'加入我們','',2,1,'','','',0,1599571376),(10,7,'聯絡我們','',3,1,'','','',0,1599571388),(11,7,'異業合作','',4,1,'','','',0,1599571401),(12,0,'條款與政策','',3,1,'','','',0,1599571412),(13,12,'隱私權政策','',1,1,'','','',0,1599571424),(14,12,'服務條款','',2,1,'','','',0,1599571436);

/*Table structure for table `product_attr_values` */

DROP TABLE IF EXISTS `product_attr_values`;

CREATE TABLE `product_attr_values` (
  `valueid` int(10) unsigned NOT NULL AUTO_INCREMENT,
  `attrid` int(10) unsigned NOT NULL DEFAULT 0 COMMENT '屬性ID',
  `name` varchar(255) NOT NULL COMMENT '屬性值',
  `sortorder` int(10) DEFAULT 0 COMMENT '排序',
  `bgcolor` char(7) DEFAULT NULL COMMENT '背景色',
  `imagefile` varchar(255) DEFAULT NULL COMMENT '圖像',
  `state` tinyint(1) DEFAULT 1 COMMENT '啟用狀態',
  PRIMARY KEY (`valueid`)
) ENGINE=InnoDB AUTO_INCREMENT=27 DEFAULT CHARSET=utf8mb4 COMMENT='屬性值';

/*Data for the table `product_attr_values` */

insert  into `product_attr_values`(`valueid`,`attrid`,`name`,`sortorder`,`bgcolor`,`imagefile`,`state`) values (1,6,'XXL',1,'','',1),(3,12,'紅色',0,'#FF1313',NULL,1),(4,11,'925銀',1,'',NULL,1),(5,11,'彩金',2,'',NULL,1),(6,11,'珀金',3,'',NULL,1),(7,12,'祖母綠',0,'#19B628',NULL,1),(8,12,'粉色',0,'#E55DE5',NULL,1),(9,6,'S',0,'','',1),(10,6,'M',0,'','',1),(11,14,'0.9',0,'',NULL,1),(12,14,'1.0',0,'',NULL,1),(13,13,'少女款',0,'','images/20200906/778c42363a3818485e8290e0d64fda27.png',1),(14,13,'老女人款',0,'',NULL,1),(15,13,'老頭款',0,'',NULL,1),(16,6,'XL',0,'','',1),(17,15,'XL',2,'',NULL,1),(18,15,'L',1,'',NULL,1),(19,16,'紅色',0,'#E32525','',1),(20,17,'宴會',1,'','',1),(21,17,'日常',2,'','',1),(22,18,'低於50',1,'','',1),(23,18,'50-100',2,'','',1),(24,18,'100-150',3,'','',1),(25,18,'150-200',4,'','',1),(26,18,'200以上',5,'','',1);

/*Table structure for table `product_attris` */

DROP TABLE IF EXISTS `product_attris`;

CREATE TABLE `product_attris` (
  `attrid` int(10) unsigned NOT NULL AUTO_INCREMENT,
  `void` int(10) NOT NULL DEFAULT 0 COMMENT '產品編號ID',
  `name` varchar(255) NOT NULL COMMENT '屬性名',
  `sortorder` int(10) unsigned NOT NULL DEFAULT 0 COMMENT '排序',
  `attrtype` enum('text','image','color') DEFAULT NULL COMMENT '屬性類型',
  `state` tinyint(1) unsigned NOT NULL DEFAULT 1 COMMENT '啟用狀態',
  PRIMARY KEY (`attrid`)
) ENGINE=InnoDB AUTO_INCREMENT=19 DEFAULT CHARSET=utf8mb4 COMMENT='屬性表';

/*Data for the table `product_attris` */

insert  into `product_attris`(`attrid`,`void`,`name`,`sortorder`,`attrtype`,`state`) values (6,0,'尺碼',1,'text',1),(11,0,'材質',5,'text',1),(12,0,'顏色',2,'color',1),(13,2,'款式',0,'image',1),(14,2,'尺碼',2,'text',1),(15,3,'尺碼',0,'text',1),(16,3,'材料',0,'color',1),(17,0,'用途',3,'text',1),(18,0,'價格',4,'text',1);

/*Table structure for table `product_category_ass` */

DROP TABLE IF EXISTS `product_category_ass`;

CREATE TABLE `product_category_ass` (
  `prodid` int(10) unsigned NOT NULL DEFAULT 0,
  `catid` int(10) unsigned NOT NULL DEFAULT 0,
  PRIMARY KEY (`prodid`,`catid`)
) ENGINE=InnoDB DEFAULT CHARSET=utf8mb4 COMMENT='產品與分類關聯表';

/*Data for the table `product_category_ass` */

insert  into `product_category_ass`(`prodid`,`catid`) values (12,1),(12,2),(12,6),(12,7),(12,8),(13,12),(14,1),(14,2);

/*Table structure for table `product_images` */

DROP TABLE IF EXISTS `product_images`;

CREATE TABLE `product_images` (
  `imageid` bigint(16) unsigned NOT NULL AUTO_INCREMENT,
  `productid` int(10) unsigned NOT NULL COMMENT '產品ID',
  `image_file` varchar(255) NOT NULL COMMENT '原圖',
  `image_tiny` varchar(255) NOT NULL COMMENT '產品詳情小圖',
  `image_thumb` varchar(255) NOT NULL COMMENT '列表縮略圖',
  `image_std` varchar(255) NOT NULL COMMENT '產品詳情圖',
  `is_main` tinyint(1) unsigned NOT NULL DEFAULT 0 COMMENT '是否主圖',
  `sortorder` int(10) unsigned NOT NULL DEFAULT 0 COMMENT '排序',
  PRIMARY KEY (`imageid`)
) ENGINE=InnoDB AUTO_INCREMENT=460 DEFAULT CHARSET=utf8mb4 COMMENT='產品圖片';

/*Data for the table `product_images` */

insert  into `product_images`(`imageid`,`productid`,`image_file`,`image_tiny`,`image_thumb`,`image_std`,`is_main`,`sortorder`) values (298,14,'images/20200906/ce191a9e17db78512effe9f9c1d3d902.jpg','images/20200906/ce191a9e17db78512effe9f9c1d3d902_tiny.jpg','images/20200906/ce191a9e17db78512effe9f9c1d3d902_thumb.jpg','images/20200906/ce191a9e17db78512effe9f9c1d3d902_std.jpg',1,1),(299,14,'images/20200906/ae3233b02d3632a3862ad694d43562b6.jpg','images/20200906/ae3233b02d3632a3862ad694d43562b6_tiny.jpg','images/20200906/ae3233b02d3632a3862ad694d43562b6_thumb.jpg','images/20200906/ae3233b02d3632a3862ad694d43562b6_std.jpg',0,2),(300,14,'images/20200906/a43b7d6634c82500d9d2b003bdc826e0.jpg','images/20200906/a43b7d6634c82500d9d2b003bdc826e0_tiny.jpg','images/20200906/a43b7d6634c82500d9d2b003bdc826e0_thumb.jpg','images/20200906/a43b7d6634c82500d9d2b003bdc826e0_std.jpg',0,3),(301,14,'images/20200906/86f0bef9dde353cdd107542f27dce4d0.jpg','images/20200906/86f0bef9dde353cdd107542f27dce4d0_tiny.jpg','images/20200906/86f0bef9dde353cdd107542f27dce4d0_thumb.jpg','images/20200906/86f0bef9dde353cdd107542f27dce4d0_std.jpg',0,4),(302,14,'images/20200906/91ab209d4ec7670a540df79751d17eeb.jpg','images/20200906/91ab209d4ec7670a540df79751d17eeb_tiny.jpg','images/20200906/91ab209d4ec7670a540df79751d17eeb_thumb.jpg','images/20200906/91ab209d4ec7670a540df79751d17eeb_std.jpg',0,5),(303,14,'images/20200906/4d1b5dae2e0c5ac6df1defe2c19342aa.jpg','images/20200906/4d1b5dae2e0c5ac6df1defe2c19342aa_tiny.jpg','images/20200906/4d1b5dae2e0c5ac6df1defe2c19342aa_thumb.jpg','images/20200906/4d1b5dae2e0c5ac6df1defe2c19342aa_std.jpg',0,6),(304,14,'images/20200906/06e42585133eb3f6df64f5d061e809b6.jpg','images/20200906/06e42585133eb3f6df64f5d061e809b6_tiny.jpg','images/20200906/06e42585133eb3f6df64f5d061e809b6_thumb.jpg','images/20200906/06e42585133eb3f6df64f5d061e809b6_std.jpg',0,7),(388,13,'images/20200903/355eee37b2bc034c8085374993f25b47.png','images/20200903/355eee37b2bc034c8085374993f25b47_tiny.png','images/20200903/355eee37b2bc034c8085374993f25b47_thumb.png','images/20200903/355eee37b2bc034c8085374993f25b47_std.png',1,1),(389,13,'images/20200903/cf2cd576da6bd7d5e13396c8f838e378.png','images/20200903/cf2cd576da6bd7d5e13396c8f838e378_tiny.png','images/20200903/cf2cd576da6bd7d5e13396c8f838e378_thumb.png','images/20200903/cf2cd576da6bd7d5e13396c8f838e378_std.png',0,2),(390,13,'images/20200903/482e86a2b0eef09c97d65157578779ae.png','images/20200903/482e86a2b0eef09c97d65157578779ae_tiny.png','images/20200903/482e86a2b0eef09c97d65157578779ae_thumb.png','images/20200903/482e86a2b0eef09c97d65157578779ae_std.png',0,3),(391,13,'images/20200903/b0ba75cf63e1aabb913bd0cc07ab3047.png','images/20200903/b0ba75cf63e1aabb913bd0cc07ab3047_tiny.png','images/20200903/b0ba75cf63e1aabb913bd0cc07ab3047_thumb.png','images/20200903/b0ba75cf63e1aabb913bd0cc07ab3047_std.png',0,4),(392,13,'images/20200903/d29df6c76f2b1c0f87087f675e9e67b7.jpg','images/20200903/d29df6c76f2b1c0f87087f675e9e67b7_tiny.jpg','images/20200903/d29df6c76f2b1c0f87087f675e9e67b7_thumb.jpg','images/20200903/d29df6c76f2b1c0f87087f675e9e67b7_std.jpg',0,5),(393,13,'images/20200903/8dc62d30b7f5cc1285e4f31cd5ca0824.jpg','images/20200903/8dc62d30b7f5cc1285e4f31cd5ca0824_tiny.jpg','images/20200903/8dc62d30b7f5cc1285e4f31cd5ca0824_thumb.jpg','images/20200903/8dc62d30b7f5cc1285e4f31cd5ca0824_std.jpg',0,6),(394,13,'images/20200903/5eeb8e6b89dc3960fb719172ab4c02c0.jpg','images/20200903/5eeb8e6b89dc3960fb719172ab4c02c0_tiny.jpg','images/20200903/5eeb8e6b89dc3960fb719172ab4c02c0_thumb.jpg','images/20200903/5eeb8e6b89dc3960fb719172ab4c02c0_std.jpg',0,7),(395,13,'images/20200903/145ca1d5ee834c5789def0b0869f9793.jpg','images/20200903/145ca1d5ee834c5789def0b0869f9793_tiny.jpg','images/20200903/145ca1d5ee834c5789def0b0869f9793_thumb.jpg','images/20200903/145ca1d5ee834c5789def0b0869f9793_std.jpg',0,8),(396,13,'images/20200903/02c8a82b8fa45e8a78a25ad9cf520188.jpg','images/20200903/02c8a82b8fa45e8a78a25ad9cf520188_tiny.jpg','images/20200903/02c8a82b8fa45e8a78a25ad9cf520188_thumb.jpg','images/20200903/02c8a82b8fa45e8a78a25ad9cf520188_std.jpg',0,9),(397,13,'images/20200903/e5207e76f3fd8c398e539934988d033f.png','images/20200903/e5207e76f3fd8c398e539934988d033f_tiny.png','images/20200903/e5207e76f3fd8c398e539934988d033f_thumb.png','images/20200903/e5207e76f3fd8c398e539934988d033f_std.png',0,10),(398,13,'images/20200903/9f73e94edebe3fb66cd815351245eebf.jpg','images/20200903/9f73e94edebe3fb66cd815351245eebf_tiny.jpg','images/20200903/9f73e94edebe3fb66cd815351245eebf_thumb.jpg','images/20200903/9f73e94edebe3fb66cd815351245eebf_std.jpg',0,11),(399,13,'images/20200903/37aace9bde2b1b46287989fde56c7611.jpg','images/20200903/37aace9bde2b1b46287989fde56c7611_tiny.jpg','images/20200903/37aace9bde2b1b46287989fde56c7611_thumb.jpg','images/20200903/37aace9bde2b1b46287989fde56c7611_std.jpg',0,12),(400,13,'images/20200903/de718452c93fa5f8afe8812a24faf15b.jpg','images/20200903/de718452c93fa5f8afe8812a24faf15b_tiny.jpg','images/20200903/de718452c93fa5f8afe8812a24faf15b_thumb.jpg','images/20200903/de718452c93fa5f8afe8812a24faf15b_std.jpg',0,13),(401,13,'images/20200903/3479c02efd44a195c2f02cc23f88971d.jpg','images/20200903/3479c02efd44a195c2f02cc23f88971d_tiny.jpg','images/20200903/3479c02efd44a195c2f02cc23f88971d_thumb.jpg','images/20200903/3479c02efd44a195c2f02cc23f88971d_std.jpg',0,14),(402,13,'images/20200903/40a9b834abe089c55a15693ecab22408.jpg','images/20200903/40a9b834abe089c55a15693ecab22408_tiny.jpg','images/20200903/40a9b834abe089c55a15693ecab22408_thumb.jpg','images/20200903/40a9b834abe089c55a15693ecab22408_std.jpg',0,15),(403,13,'images/20200903/fb6ce48541a1a6a4a3d25b6a94ea5ea0.png','images/20200903/fb6ce48541a1a6a4a3d25b6a94ea5ea0_tiny.png','images/20200903/fb6ce48541a1a6a4a3d25b6a94ea5ea0_thumb.png','images/20200903/fb6ce48541a1a6a4a3d25b6a94ea5ea0_std.png',0,16),(404,13,'images/20200903/4e0481fbdf09bf05732387ec90aff58f.jpg','images/20200903/4e0481fbdf09bf05732387ec90aff58f_tiny.jpg','images/20200903/4e0481fbdf09bf05732387ec90aff58f_thumb.jpg','images/20200903/4e0481fbdf09bf05732387ec90aff58f_std.jpg',0,17),(405,13,'images/20200903/0b3de6c9e37a7759a3f2c32613d76acf.png','images/20200903/0b3de6c9e37a7759a3f2c32613d76acf_tiny.png','images/20200903/0b3de6c9e37a7759a3f2c32613d76acf_thumb.png','images/20200903/0b3de6c9e37a7759a3f2c32613d76acf_std.png',0,18),(454,12,'images/20200902/0605b3c1e568ea4665008b47d13d8693.jpg','images/20200902/0605b3c1e568ea4665008b47d13d8693_tiny.jpg','images/20200902/0605b3c1e568ea4665008b47d13d8693_thumb.jpg','images/20200902/0605b3c1e568ea4665008b47d13d8693_std.jpg',1,1),(455,12,'images/20200902/6c6f614a4c0557150f57b210138ae73e.jpg','images/20200902/6c6f614a4c0557150f57b210138ae73e_tiny.jpg','images/20200902/6c6f614a4c0557150f57b210138ae73e_thumb.jpg','images/20200902/6c6f614a4c0557150f57b210138ae73e_std.jpg',0,2),(456,12,'images/20200902/53c08e70a42e73bf035fef0f6b3b8164.jpg','images/20200902/53c08e70a42e73bf035fef0f6b3b8164_tiny.jpg','images/20200902/53c08e70a42e73bf035fef0f6b3b8164_thumb.jpg','images/20200902/53c08e70a42e73bf035fef0f6b3b8164_std.jpg',0,3),(457,12,'images/20200902/93ff2dc31b54d81add2b651f0c60e122.png','images/20200902/93ff2dc31b54d81add2b651f0c60e122_tiny.png','images/20200902/93ff2dc31b54d81add2b651f0c60e122_thumb.png','images/20200902/93ff2dc31b54d81add2b651f0c60e122_std.png',0,4),(458,12,'images/20200913/3e1eb12d191d05e72d6f196340045914.jpg','images/20200913/3e1eb12d191d05e72d6f196340045914_tiny.jpg','images/20200913/3e1eb12d191d05e72d6f196340045914_thumb.jpg','images/20200913/3e1eb12d191d05e72d6f196340045914_std.jpg',0,5),(459,12,'images/20200913/2747862039244e08b62a13556caf680f.webp','images/20200913/2747862039244e08b62a13556caf680f_tiny.webp','images/20200913/2747862039244e08b62a13556caf680f_thumb.webp','images/20200913/2747862039244e08b62a13556caf680f_std.webp',0,6);

/*Table structure for table `product_search_ass` */

DROP TABLE IF EXISTS `product_search_ass`;

CREATE TABLE `product_search_ass` (
  `productid` int(10) unsigned NOT NULL COMMENT '產品ID',
  `searchid` int(10) unsigned NOT NULL COMMENT '搜索詞ID'
) ENGINE=InnoDB DEFAULT CHARSET=utf8mb4 COMMENT='產品搜索關鍵詞關聯表';

/*Data for the table `product_search_ass` */

/*Table structure for table `product_search_attris` */

DROP TABLE IF EXISTS `product_search_attris`;

CREATE TABLE `product_search_attris` (
  `productid` int(10) unsigned NOT NULL DEFAULT 0,
  `attrid` int(10) unsigned NOT NULL DEFAULT 0,
  `valueid` int(10) unsigned NOT NULL DEFAULT 0,
  PRIMARY KEY (`productid`,`attrid`,`valueid`)
) ENGINE=InnoDB DEFAULT CHARSET=utf8;

/*Data for the table `product_search_attris` */

insert  into `product_search_attris`(`productid`,`attrid`,`valueid`) values (12,6,1),(12,6,9),(12,6,10),(12,11,6),(12,12,3),(12,12,8),(14,6,9),(14,6,10),(14,6,16),(14,12,3),(14,12,7);

/*Table structure for table `product_search_keywords` */

DROP TABLE IF EXISTS `product_search_keywords`;

CREATE TABLE `product_search_keywords` (
  `searchid` bigint(16) unsigned NOT NULL AUTO_INCREMENT,
  `productid` int(10) unsigned DEFAULT 0 COMMENT '產品ID',
  `name` varchar(100) NOT NULL COMMENT '搜索詞名稱',
  PRIMARY KEY (`searchid`)
) ENGINE=InnoDB DEFAULT CHARSET=utf8mb4 COMMENT='產品搜索關鍵詞';

/*Data for the table `product_search_keywords` */

/*Table structure for table `product_variation_combinations` */

DROP TABLE IF EXISTS `product_variation_combinations`;

CREATE TABLE `product_variation_combinations` (
  `combinationid` int(11) NOT NULL AUTO_INCREMENT,
  `vcproductid` int(11) NOT NULL DEFAULT 0,
  `vcenabled` tinyint(4) NOT NULL DEFAULT 1,
  `vcoptionids` varchar(1000) NOT NULL DEFAULT '',
  `uniq_combin_key` char(32) NOT NULL,
  `vcsku` varchar(50) NOT NULL DEFAULT '',
  `vcprice` int(10) NOT NULL DEFAULT 0,
  `vcstock` int(11) NOT NULL DEFAULT 0,
  `is_deleted` tinyint(1) DEFAULT 0,
  PRIMARY KEY (`combinationid`),
  KEY `i_product_variation_combinations_vcproductid` (`vcproductid`)
) ENGINE=MyISAM AUTO_INCREMENT=45 DEFAULT CHARSET=utf8;

/*Data for the table `product_variation_combinations` */

insert  into `product_variation_combinations`(`combinationid`,`vcproductid`,`vcenabled`,`vcoptionids`,`uniq_combin_key`,`vcsku`,`vcprice`,`vcstock`,`is_deleted`) values (38,12,0,'13,12','600a6c7962f62718a49590fc7edde915','22',1000,998,0),(43,14,0,'18,19','afade9e687d913eff945807f360d0bbc','',0,1,0),(44,14,0,'17,19','7d50fd9fb2bfcd228e48feb5ddcb274e','',0,2,0),(37,12,0,'13,11','52319cee1e3301699b7af78e8e39bb2d','11',1000,978,0),(39,12,0,'14,11','30e235670a3ad16d77e713f517b1b1d8','33',2000,999,0),(40,12,0,'14,12','f7a8b39f8eeb7474c5beb3a4b5019127','44',3000,997,0),(41,12,0,'15,11','b33df9fbfc7d6636bd8f8dd3e63a9ed6','55',4000,970,0),(42,12,0,'15,12','9f6637640f72c1c84764063ba2ca779b','66',5000,1000,0);

/*Table structure for table `product_variation_options` */

DROP TABLE IF EXISTS `product_variation_options`;

CREATE TABLE `product_variation_options` (
  `void` int(11) unsigned NOT NULL AUTO_INCREMENT,
  `vname` varchar(252) DEFAULT NULL,
  PRIMARY KEY (`void`)
) ENGINE=InnoDB AUTO_INCREMENT=4 DEFAULT CHARSET=utf8;

/*Data for the table `product_variation_options` */

insert  into `product_variation_options`(`void`,`vname`) values (2,'P0001'),(3,'P0002');

/*Table structure for table `products` */

DROP TABLE IF EXISTS `products`;

CREATE TABLE `products` (
  `prodid` int(10) unsigned NOT NULL AUTO_INCREMENT,
  `prodcode` varbinary(64) DEFAULT NULL COMMENT '產品編號',
  `prodname` varchar(255) NOT NULL COMMENT '產品標題',
  `prod_features` varchar(1000) DEFAULT NULL COMMENT '產品特性標題',
  `prod_price` int(10) unsigned NOT NULL DEFAULT 0 COMMENT '銷售價',
  `discount_price` int(10) unsigned DEFAULT 0 COMMENT '折後價格',
  `prod_list_price` int(10) unsigned NOT NULL DEFAULT 0 COMMENT '零售價',
  `prod_desc` text DEFAULT NULL COMMENT '產品詳細描述',
  `void` int(10) DEFAULT NULL COMMENT '產品規格ID',
  `stock` int(10) unsigned NOT NULL DEFAULT 0 COMMENT '當前庫存',
  `stock_warning` int(10) DEFAULT 0 COMMENT '預警庫存',
  `sortorder` int(10) unsigned NOT NULL DEFAULT 0 COMMENT '排序',
  `shipping_fee_type` enum('fixed','freeshipping','calc') DEFAULT 'calc' COMMENT '運費規則',
  `fixed_shipping_fee` int(10) DEFAULT 0 COMMENT '是否免運費',
  `state` tinyint(1) unsigned NOT NULL DEFAULT 1 COMMENT '狀態，1-可銷售， 0-不能銷售',
  `is_hot` tinyint(1) DEFAULT 0 COMMENT '熱銷',
  `is_sale` tinyint(1) DEFAULT 0 COMMENT '促銷',
  `seo_title` varchar(255) DEFAULT NULL COMMENT 'SEO標題',
  `seo_keywords` varchar(255) DEFAULT NULL COMMENT 'SEO關鍵詞',
  `seo_desc` varchar(255) DEFAULT NULL COMMENT 'SEO描述',
  `update_at` int(10) unsigned NOT NULL DEFAULT 0 COMMENT '更新日期',
  `create_at` int(10) unsigned NOT NULL DEFAULT 0 COMMENT '創建日期',
  PRIMARY KEY (`prodid`)
) ENGINE=InnoDB AUTO_INCREMENT=15 DEFAULT CHARSET=utf8mb4 COMMENT='產品表';

/*Data for the table `products` */

insert  into `products`(`prodid`,`prodcode`,`prodname`,`prod_features`,`prod_price`,`discount_price`,`prod_list_price`,`prod_desc`,`void`,`stock`,`stock_warning`,`sortorder`,`shipping_fee_type`,`fixed_shipping_fee`,`state`,`is_hot`,`is_sale`,`seo_title`,`seo_keywords`,`seo_desc`,`update_at`,`create_at`) values (12,'P00002','女士情侶戒指','走桃花運',5000,4000,100000,'<p>哈哈哈哈哈哈哈哈哈哈</p>\r\n\r\n<p><img alt=\"\" src=\"/storage/images/20200901\\659cc12e5b101560e3add82f060c66e9.jpg\" />yle=&quot;height:128px; width:128px&quot; /&gt;</p>',2,10001,101,10,'calc',100,1,1,1,'11','22','33',1600585559,0),(13,'P00003','男士戒指001','發光發亮亮瞎',100,0,500,'<p>第三方師傅<img alt=\"\" src=\"/storage/images/20200901\\3bc1b5ace32d50b9fb9703f2dd4fab5c.jpg\" />yle=&quot;height:400px; width:400px&quot; /&gt;</p>',0,7,1,0,'calc',0,1,1,1,'1','2','3',1600006313,0),(14,'dsfsf','sfddsfs','sdfsf',0,0,0,'',3,0,0,0,'calc',0,1,1,1,'','','',1599400370,1599400206);

/*Table structure for table `promotions` */

DROP TABLE IF EXISTS `promotions`;

CREATE TABLE `promotions` (
  `ptid` int(11) unsigned NOT NULL AUTO_INCREMENT,
  `title` varchar(100) NOT NULL DEFAULT '',
  `ptype` varchar(30) NOT NULL DEFAULT 'byqty' COMMENT 'byqty, byamount',
  `total` int(10) NOT NULL DEFAULT 0,
  `sub_total` int(10) NOT NULL DEFAULT 0,
  `start_date` int(10) NOT NULL DEFAULT 0,
  `end_date` int(10) NOT NULL DEFAULT 0,
  `state` tinyint(1) NOT NULL DEFAULT 0,
  `update_time` int(10) NOT NULL DEFAULT 0,
  `create_time` int(10) NOT NULL DEFAULT 0,
  PRIMARY KEY (`ptid`)
) ENGINE=InnoDB AUTO_INCREMENT=7 DEFAULT CHARSET=utf8 COMMENT='折扣規則';

/*Data for the table `promotions` */

insert  into `promotions`(`ptid`,`title`,`ptype`,`total`,`sub_total`,`start_date`,`end_date`,`state`,`update_time`,`create_time`) values (5,'滿1000免運費','byamountfreeshiping',1000,0,1598889600,1604073600,1,1600603610,1600603549);

/*Table structure for table `roles` */

DROP TABLE IF EXISTS `roles`;

CREATE TABLE `roles` (
  `roleid` int(11) NOT NULL AUTO_INCREMENT COMMENT '角色編號',
  `title` varchar(50) NOT NULL DEFAULT '' COMMENT '角色名',
  `limits` longtext NOT NULL COMMENT '角色許可權',
  `status` tinyint(1) NOT NULL DEFAULT 1 COMMENT '狀態',
  `update_time` int(10) DEFAULT 0 COMMENT '更新日期',
  `create_time` int(10) NOT NULL DEFAULT 0 COMMENT '入庫日期',
  PRIMARY KEY (`roleid`)
) ENGINE=InnoDB AUTO_INCREMENT=176 DEFAULT CHARSET=utf8 COMMENT='角色表';

/*Data for the table `roles` */

insert  into `roles`(`roleid`,`title`,`limits`,`status`,`update_time`,`create_time`) values (175,'管理員','[\"490\",\"491\"]',1,1600266986,1600264294);

/*Table structure for table `settings` */

DROP TABLE IF EXISTS `settings`;

CREATE TABLE `settings` (
  `sid` int(10) unsigned NOT NULL AUTO_INCREMENT,
  `content` text DEFAULT NULL,
  `update_time` int(10) DEFAULT NULL,
  PRIMARY KEY (`sid`)
) ENGINE=InnoDB AUTO_INCREMENT=2 DEFAULT CHARSET=utf8;

/*Data for the table `settings` */

insert  into `settings`(`sid`,`content`,`update_time`) values (1,'{\"setting\":{\"express\":{\"name\":\"KISS\",\"tel\":\"022781035\",\"mobile\":\"0955586123\",\"zipcode\":\"258\",\"address\":\"新北市板橋區金門街116號1樓\",\"hashkey\":\"5294y06JbISpM5x9\",\"hashiv\":\"v77hoKGq4kWxNNIS\",\"merchantid\":\"2000132\"},\"ecpay\":{\"LogisticsCVSSubTypes\":\"B2C\"},\"pay\":{\"hashkey\":\"5294y06JbISpM5x9\",\"hashiv\":\"v77hoKGq4kWxNNIS\",\"merchantid\":\"2000132\"},\"creditsRate\":{\"moneyToCredit\":\"0.01\",\"CreditToMoney\":\"0.01\"},\"facebook\":{\"appid\":\"1111111\"},\"common\":{\"invoice_to\":\"臺積電\\r\\n鴻海科技\\r\\n翔逸資訊\"}}}',1600607146);

/*Table structure for table `store_network` */

DROP TABLE IF EXISTS `store_network`;

CREATE TABLE `store_network` (
  `id` int(10) unsigned NOT NULL AUTO_INCREMENT,
  `title` varchar(255) DEFAULT NULL COMMENT '網點名稱',
  `provid` int(10) unsigned DEFAULT 0 COMMENT '省份',
  `cityid` int(10) unsigned DEFAULT 0 COMMENT '城市',
  `areaid` int(10) unsigned DEFAULT 0 COMMENT '區縣',
  `address` varchar(255) DEFAULT NULL COMMENT '街道門牌號',
  `tel` varchar(20) DEFAULT NULL COMMENT '網點電話',
  `sortorder` int(10) DEFAULT 0 COMMENT '排序',
  PRIMARY KEY (`id`)
) ENGINE=InnoDB DEFAULT CHARSET=utf8mb4 COMMENT='銷售網點';

/*Data for the table `store_network` */

/*Table structure for table `store_paid_orders` */

DROP TABLE IF EXISTS `store_paid_orders`;

CREATE TABLE `store_paid_orders` (
  `spoid` int(10) unsigned NOT NULL AUTO_INCREMENT,
  `ordno` varchar(64) COLLATE utf8_esperanto_ci NOT NULL,
  `customerid` int(10) unsigned DEFAULT 0,
  `total_amount` int(10) unsigned DEFAULT 0,
  `coupon_code` varchar(64) COLLATE utf8_esperanto_ci DEFAULT NULL,
  `coupon_title` varchar(500) COLLATE utf8_esperanto_ci DEFAULT NULL,
  `coupon_amount` int(10) unsigned DEFAULT 0,
  `credits` int(10) DEFAULT 0,
  `paid_amount` int(10) DEFAULT 0,
  `userid` int(10) unsigned DEFAULT 0,
  `create_at` int(10) unsigned DEFAULT 0,
  PRIMARY KEY (`spoid`)
) ENGINE=InnoDB AUTO_INCREMENT=6 DEFAULT CHARSET=utf8 COLLATE=utf8_esperanto_ci COMMENT='網點買單';

/*Data for the table `store_paid_orders` */

insert  into `store_paid_orders`(`spoid`,`ordno`,`customerid`,`total_amount`,`coupon_code`,`coupon_title`,`coupon_amount`,`credits`,`paid_amount`,`userid`,`create_at`) values (1,'',2,1000,'555555','測試',100,0,900,1,1600447468),(2,'',2,15000,'','',0,0,15000,1,1600447757),(3,'',2,2000,'','',0,0,2000,1,1600447803),(4,'202009191635161453',2,10000,'333333','金秋十月惠民',100,0,9900,1,1600504516),(5,'202009191637386850',2,500,'222222','金秋十月惠民',100,4,400,1,1600504658);

/*Table structure for table `subscribes` */

DROP TABLE IF EXISTS `subscribes`;

CREATE TABLE `subscribes` (
  `email` varchar(255) NOT NULL,
  `create_at` int(10) DEFAULT 0,
  PRIMARY KEY (`email`)
) ENGINE=InnoDB DEFAULT CHARSET=utf8;

/*Data for the table `subscribes` */

insert  into `subscribes`(`email`,`create_at`) values ('sdfdsf@sfdsf.cs',1599572949),('sfddsf@sdfsf.sc',1599572854);

/*Table structure for table `users` */

DROP TABLE IF EXISTS `users`;

CREATE TABLE `users` (
  `userid` int(10) unsigned NOT NULL AUTO_INCREMENT,
  `fullname` varchar(50) NOT NULL COMMENT '姓名',
  `username` varchar(64) NOT NULL COMMENT '用戶名',
  `passwd` varchar(64) NOT NULL COMMENT '密碼',
  `roleid` int(10) NOT NULL DEFAULT 0 COMMENT '角色',
  `state` tinyint(1) NOT NULL DEFAULT 1 COMMENT '狀態[1-啟用, 0-禁用]',
  `is_sys` tinyint(1) DEFAULT 0 COMMENT '是否系統內置',
  `update_at` int(10) NOT NULL DEFAULT 0 COMMENT '更新日期',
  `create_at` int(10) NOT NULL DEFAULT 0 COMMENT '創建日期',
  PRIMARY KEY (`userid`)
) ENGINE=InnoDB AUTO_INCREMENT=3 DEFAULT CHARSET=utf8mb4 COMMENT='後臺用戶';

/*Data for the table `users` */

insert  into `users`(`userid`,`fullname`,`username`,`passwd`,`roleid`,`state`,`is_sys`,`update_at`,`create_at`) values (1,'管理員','admin','7fef6171469e80d32c0559f88b377245',0,1,1,1600266478,0),(2,'大衛','david','96e79218965eb72c92a549dd5a330112',175,1,0,1600267077,1600267077);

/*Table structure for table `wishlist` */

DROP TABLE IF EXISTS `wishlist`;

CREATE TABLE `wishlist` (
  `customerid` int(11) NOT NULL DEFAULT 0,
  `prodid` int(11) NOT NULL DEFAULT 0,
  PRIMARY KEY (`customerid`,`prodid`)
) ENGINE=InnoDB DEFAULT CHARSET=utf8;

/*Data for the table `wishlist` */

insert  into `wishlist`(`customerid`,`prodid`) values (2,13);

/*!40101 SET SQL_MODE=@OLD_SQL_MODE */;
/*!40014 SET FOREIGN_KEY_CHECKS=@OLD_FOREIGN_KEY_CHECKS */;
/*!40014 SET UNIQUE_CHECKS=@OLD_UNIQUE_CHECKS */;
/*!40111 SET SQL_NOTES=@OLD_SQL_NOTES */;
